Date,New Users
2000-01-01,6
2001-01-01,59
2001-01-02,1
2001-01-15,1
2001-01-21,1
2001-03-10,1
2001-03-12,1
2001-04-02,1
2001-04-06,1
2001-04-09,1
2001-04-17,1
2001-04-26,1
2001-04-28,1
2001-04-29,1
2001-05-15,1
2001-05-28,1
2001-06-08,1
2001-06-12,1
2001-06-13,1
2001-06-21,1
2001-06-23,1
2001-06-25,1
2001-07-01,1
2001-07-03,1
2001-07-11,1
2001-07-15,1
2001-07-21,1
2001-07-22,1
2001-07-23,1
2001-07-28,1
2001-07-30,3
2001-07-31,2
2001-08-01,2
2001-08-08,1
2001-08-12,2
2001-08-13,1
2001-08-19,2
2001-08-21,1
2001-08-24,2
2001-08-25,1
2001-08-31,1
2001-09-01,1
2001-09-03,1
2001-09-04,1
2001-09-09,1
2001-09-11,1
2001-09-13,3
2001-09-15,1
2001-09-19,1
2001-09-20,2
2001-09-22,1
2001-09-27,1
2001-09-30,1
2001-10-01,1
2001-10-04,1
2001-10-05,1
2001-10-06,2
2001-10-15,2
2001-10-20,1
2001-10-21,1
2001-10-31,1
2001-11-01,2
2001-11-03,1
2001-11-05,1
2001-11-06,1
2001-11-10,1
2001-11-11,1
2001-11-14,2
2001-11-18,1
2001-11-21,1
2001-11-25,1
2001-11-27,1
2001-12-01,2
2001-12-10,1
2001-12-11,1
2001-12-18,1
2001-12-19,1
2001-12-21,2
2001-12-27,1
2002-01-01,17
2002-01-05,1
2002-02-02,1
2002-02-19,1
2002-02-27,1
2002-03-01,2
2002-03-03,1
2002-03-06,1
2002-03-12,1
2002-03-13,1
2002-03-25,1
2002-04-03,1
2002-04-05,1
2002-04-06,1
2002-04-09,2
2002-04-10,1
2002-04-14,1
2002-04-15,1
2002-04-19,2
2002-04-25,1
2002-04-27,1
2002-04-28,1
2002-05-02,1
2002-05-03,1
2002-05-05,1
2002-05-06,2
2002-05-07,1
2002-05-08,1
2002-05-13,1
2002-05-14,2
2002-05-18,1
2002-05-19,1
2002-05-21,1
2002-05-28,1
2002-05-29,1
2002-06-01,2
2002-06-08,1
2002-06-10,1
2002-06-11,1
2002-06-26,1
2002-06-29,1
2002-06-30,1
2002-07-01,2
2002-07-05,1
2002-07-06,1
2002-07-09,1
2002-07-10,1
2002-07-12,1
2002-07-13,1
2002-07-14,1
2002-07-15,1
2002-07-16,1
2002-07-19,1
2002-07-20,2
2002-07-23,1
2002-07-26,1
2002-07-29,1
2002-08-01,3
2002-08-04,1
2002-08-08,1
2002-08-13,2
2002-08-14,2
2002-08-15,3
2002-08-20,1
2002-08-21,2
2002-08-28,1
2002-08-29,2
2002-09-01,2
2002-09-06,1
2002-09-09,1
2002-09-15,1
2002-09-16,1
2002-09-18,1
2002-09-23,1
2002-09-30,1
2002-10-01,2
2002-10-02,2
2002-10-07,1
2002-10-08,1
2002-10-13,1
2002-10-16,1
2002-10-17,1
2002-10-18,1
2002-10-19,2
2002-10-20,3
2002-10-21,1
2002-10-22,1
2002-10-24,1
2002-10-25,1
2002-10-29,1
2002-11-01,1
2002-11-06,1
2002-11-10,1
2002-11-13,1
2002-11-18,1
2002-11-20,1
2002-11-22,2
2002-11-23,1
2002-11-25,1
2002-11-27,1
2002-12-01,1
2002-12-04,2
2002-12-12,1
2002-12-15,1
2002-12-17,1
2003-01-01,1
2003-01-05,1
2003-01-07,1
2003-01-09,3
2003-01-13,1
2003-01-14,1
2003-01-19,1
2003-01-21,2
2003-01-23,1
2003-01-25,1
2003-01-27,1
2003-01-28,1
2003-01-29,2
2003-01-30,1
2003-01-31,1
2003-02-03,1
2003-02-06,1
2003-02-07,1
2003-02-19,1
2003-02-21,1
2003-03-01,1
2003-03-04,1
2003-03-05,1
2003-03-07,1
2003-03-09,1
2003-03-10,2
2003-03-14,1
2003-03-15,2
2003-03-16,1
2003-03-20,1
2003-03-24,1
2003-03-29,1
2003-03-30,1
2003-04-01,1
2003-04-03,1
2003-04-07,1
2003-04-08,1
2003-04-12,1
2003-04-14,2
2003-04-18,2
2003-04-19,1
2003-04-20,2
2003-04-21,1
2003-04-28,1
2003-04-30,1
2003-05-02,1
2003-05-03,1
2003-05-06,1
2003-05-09,1
2003-05-12,1
2003-05-13,1
2003-05-17,1
2003-05-19,1
2003-05-20,2
2003-05-23,1
2003-05-28,1
2003-05-30,1
2003-06-02,1
2003-06-03,1
2003-06-16,3
2003-06-23,1
2003-06-24,1
2003-06-25,1
2003-06-29,2
2003-06-30,1
2003-07-02,1
2003-07-04,1
2003-07-05,1
2003-07-11,2
2003-07-15,3
2003-07-16,1
2003-07-18,1
2003-07-20,1
2003-07-23,1
2003-07-26,2
2003-07-28,1
2003-07-29,1
2003-07-31,1
2003-08-02,1
2003-08-12,1
2003-08-13,1
2003-08-18,1
2003-08-19,1
2003-08-20,2
2003-08-25,1
2003-08-27,1
2003-09-06,1
2003-09-09,1
2003-09-10,1
2003-09-11,1
2003-09-14,1
2003-09-15,1
2003-09-19,1
2003-09-20,2
2003-09-22,2
2003-09-23,1
2003-09-25,1
2003-09-30,2
2003-10-04,1
2003-10-05,1
2003-10-06,1
2003-10-09,1
2003-10-12,1
2003-10-13,1
2003-10-19,1
2003-10-21,1
2003-10-25,1
2003-10-27,1
2003-10-28,1
2003-10-29,2
2003-10-30,1
2003-11-02,1
2003-11-06,2
2003-11-12,1
2003-11-16,1
2003-11-18,1
2003-11-20,1
2003-11-23,1
2003-12-01,1
2003-12-07,1
2003-12-09,2
2003-12-12,2
2003-12-16,1
2003-12-18,1
2003-12-24,1
2003-12-26,1
2004-01-09,1
2004-01-12,1
2004-01-13,1
2004-01-19,1
2004-01-21,1
2004-01-22,2
2004-01-24,1
2004-01-25,1
2004-01-26,1
2004-01-27,1
2004-02-02,1
2004-02-08,1
2004-02-11,1
2004-02-18,1
2004-02-20,1
2004-02-21,1
2004-03-06,1
2004-03-08,1
2004-03-09,2
2004-03-13,2
2004-03-15,1
2004-03-18,1
2004-03-20,1
2004-03-22,1
2004-03-26,1
2004-04-02,1
2004-04-06,1
2004-04-07,1
2004-04-08,1
2004-04-11,1
2004-04-15,1
2004-04-19,2
2004-04-21,1
2004-04-23,2
2004-04-26,1
2004-04-27,1
2004-04-29,1
2004-04-30,1
2004-05-03,3
2004-05-07,1
2004-05-16,1
2004-05-21,1
2004-05-23,1
2004-05-24,2
2004-05-28,1
2004-06-01,1
2004-06-07,1
2004-06-08,3
2004-06-09,2
2004-06-12,1
2004-06-14,1
2004-06-15,1
2004-06-17,1
2004-06-19,1
2004-06-22,1
2004-06-29,3
2004-06-30,1
2004-07-01,1
2004-07-05,1
2004-07-06,1
2004-07-09,2
2004-07-11,1
2004-07-12,1
2004-07-13,1
2004-07-15,1
2004-07-17,1
2004-07-18,1
2004-07-28,1
2004-08-02,2
2004-08-04,1
2004-08-06,2
2004-08-08,1
2004-08-09,1
2004-08-10,1
2004-08-11,1
2004-08-13,1
2004-08-15,1
2004-08-16,1
2004-08-17,1
2004-08-19,1
2004-08-22,1
2004-08-26,1
2004-08-29,2
2004-09-02,1
2004-09-08,1
2004-09-11,1
2004-09-12,1
2004-09-14,1
2004-09-16,1
2004-09-21,2
2004-10-01,2
2004-10-06,1
2004-10-09,1
2004-10-10,2
2004-10-14,1
2004-10-15,1
2004-10-16,2
2004-10-18,1
2004-10-19,1
2004-10-20,1
2004-10-21,2
2004-10-23,1
2004-10-24,1
2004-10-31,1
2004-11-05,1
2004-11-06,1
2004-11-11,1
2004-11-15,1
2004-11-29,1
2004-12-02,2
2004-12-04,1
2004-12-06,1
2004-12-12,2
2004-12-14,1
2004-12-18,1
2004-12-22,1
2004-12-26,1
2004-12-28,1
2004-12-30,2
2004-12-31,1
2005-01-01,10
2005-01-02,1
2005-01-05,1
2005-01-09,1
2005-01-13,1
2005-01-16,1
2005-01-17,1
2005-01-23,1
2005-01-25,2
2005-01-28,1
2005-01-31,1
2005-02-08,1
2005-02-14,1
2005-02-15,1
2005-02-16,1
2005-02-22,2
2005-02-23,1
2005-03-10,1
2005-03-13,1
2005-03-20,1
2005-03-21,1
2005-03-22,1
2005-03-23,1
2005-03-25,1
2005-03-27,2
2005-03-29,1
2005-03-30,1
2005-03-31,1
2005-04-02,1
2005-04-03,1
2005-04-04,1
2005-04-05,2
2005-04-07,2
2005-04-08,1
2005-04-09,1
2005-04-10,1
2005-04-11,1
2005-04-24,1
2005-04-25,2
2005-04-27,1
2005-05-02,1
2005-05-04,1
2005-05-08,1
2005-05-11,1
2005-05-18,2
2005-05-22,1
2005-05-25,1
2005-05-28,1
2005-05-31,2
2005-06-01,1
2005-06-07,1
2005-06-08,1
2005-06-11,1
2005-06-13,1
2005-06-16,1
2005-06-21,1
2005-06-26,1
2005-06-27,1
2005-06-28,2
2005-07-02,1
2005-07-05,2
2005-07-06,2
2005-07-07,2
2005-07-08,1
2005-07-10,1
2005-07-11,2
2005-07-12,1
2005-07-13,1
2005-07-15,2
2005-07-19,1
2005-07-22,1
2005-07-24,2
2005-07-27,2
2005-07-30,1
2005-07-31,2
2005-08-02,4
2005-08-07,1
2005-08-08,2
2005-08-15,1
2005-08-17,1
2005-08-19,1
2005-08-20,2
2005-08-22,2
2005-08-28,1
2005-08-30,1
2005-09-01,2
2005-09-02,1
2005-09-05,1
2005-09-06,4
2005-09-07,1
2005-09-09,2
2005-09-10,1
2005-09-12,1
2005-09-13,1
2005-09-20,2
2005-09-22,1
2005-09-24,1
2005-09-25,1
2005-10-01,2
2005-10-02,1
2005-10-03,1
2005-10-04,2
2005-10-09,2
2005-10-14,1
2005-10-15,1
2005-10-17,1
2005-10-18,1
2005-10-19,2
2005-10-20,1
2005-10-23,1
2005-10-24,2
2005-10-25,1
2005-10-27,2
2005-10-29,1
2005-10-30,2
2005-10-31,1
2005-11-02,1
2005-11-03,1
2005-11-06,3
2005-11-07,1
2005-11-08,1
2005-11-10,1
2005-11-15,2
2005-11-23,2
2005-11-24,1
2005-11-26,1
2005-11-29,1
2005-12-03,1
2005-12-05,1
2005-12-08,1
2005-12-09,1
2005-12-11,1
2005-12-16,3
2005-12-19,5
2005-12-20,4
2005-12-21,1
2005-12-22,3
2005-12-23,3
2005-12-25,1
2005-12-26,1
2005-12-27,3
2005-12-28,3
2005-12-29,1
2005-12-30,1
2005-12-31,1
2006-01-01,3
2006-01-03,1
2006-01-04,1
2006-01-06,2
2006-01-09,2
2006-01-11,1
2006-01-12,1
2006-01-13,1
2006-01-14,1
2006-01-15,2
2006-01-16,2
2006-01-17,2
2006-01-18,14
2006-01-19,9
2006-01-20,14
2006-01-21,7
2006-01-22,9
2006-01-23,13
2006-01-24,14
2006-01-25,2
2006-01-26,13
2006-01-27,6
2006-01-28,12
2006-01-29,5
2006-01-30,7
2006-01-31,7
2006-02-01,7
2006-02-02,3
2006-02-03,4
2006-02-04,8
2006-02-05,7
2006-02-06,8
2006-02-07,6
2006-02-08,10
2006-02-09,5
2006-02-10,7
2006-02-11,7
2006-02-12,1
2006-02-13,8
2006-02-14,5
2006-02-15,7
2006-02-16,8
2006-02-17,7
2006-02-18,6
2006-02-19,5
2006-02-20,7
2006-02-21,3
2006-02-22,2
2006-02-23,3
2006-02-24,9
2006-02-25,2
2006-02-26,5
2006-02-27,8
2006-02-28,8
2006-03-01,8
2006-03-02,8
2006-03-03,8
2006-03-04,5
2006-03-05,4
2006-03-06,9
2006-03-07,5
2006-03-08,6
2006-03-09,6
2006-03-11,5
2006-03-12,5
2006-03-13,5
2006-03-14,7
2006-03-15,4
2006-03-16,3
2006-03-17,7
2006-03-18,5
2006-03-19,3
2006-03-20,4
2006-03-21,2
2006-03-22,9
2006-03-23,5
2006-03-24,5
2006-03-25,1
2006-03-26,5
2006-03-27,11
2006-03-28,2
2006-03-29,6
2006-03-30,7
2006-03-31,3
2006-04-01,2
2006-04-02,4
2006-04-03,9
2006-04-04,4
2006-04-05,5
2006-04-06,6
2006-04-07,3
2006-04-08,4
2006-04-09,6
2006-04-10,7
2006-04-11,3
2006-04-12,6
2006-04-13,9
2006-04-14,3
2006-04-15,3
2006-04-16,3
2006-04-17,7
2006-04-18,6
2006-04-19,2
2006-04-20,2
2006-04-21,6
2006-04-22,4
2006-04-23,3
2006-04-24,10
2006-04-25,3
2006-04-26,4
2006-04-27,9
2006-04-28,8
2006-04-29,2
2006-04-30,2
2006-05-01,5
2006-05-02,6
2006-05-03,4
2006-05-04,4
2006-05-05,4
2006-05-06,3
2006-05-07,3
2006-05-08,10
2006-05-09,4
2006-05-10,6
2006-05-11,5
2006-05-12,2
2006-05-13,4
2006-05-14,5
2006-05-15,8
2006-05-16,4
2006-05-17,5
2006-05-18,5
2006-05-19,2
2006-05-20,4
2006-05-21,4
2006-05-22,5
2006-05-23,4
2006-05-24,2
2006-05-25,4
2006-05-26,3
2006-05-28,5
2006-05-29,2
2006-05-30,6
2006-05-31,11
2006-06-01,5
2006-06-02,6
2006-06-03,7
2006-06-04,4
2006-06-05,4
2006-06-06,5
2006-06-07,6
2006-06-08,7
2006-06-09,5
2006-06-10,5
2006-06-11,3
2006-06-12,7
2006-06-13,2
2006-06-14,6
2006-06-15,6
2006-06-16,3
2006-06-17,5
2006-06-18,1
2006-06-19,4
2006-06-20,4
2006-06-21,4
2006-06-22,5
2006-06-23,3
2006-06-24,4
2006-06-25,2
2006-06-26,9
2006-06-27,7
2006-06-28,5
2006-06-29,4
2006-06-30,8
2006-07-01,1
2006-07-02,2
2006-07-03,5
2006-07-04,1
2006-07-05,6
2006-07-06,8
2006-07-07,6
2006-07-08,4
2006-07-09,3
2006-07-10,4
2006-07-11,4
2006-07-12,5
2006-07-13,4
2006-07-14,6
2006-07-15,1
2006-07-16,4
2006-07-17,8
2006-07-18,8
2006-07-19,3
2006-07-20,3
2006-07-21,2
2006-07-22,6
2006-07-23,2
2006-07-24,1
2006-07-25,7
2006-07-26,3
2006-07-27,4
2006-07-28,2
2006-07-29,3
2006-07-30,2
2006-07-31,5
2006-08-01,4
2006-08-02,3
2006-08-03,4
2006-08-04,4
2006-08-05,4
2006-08-06,3
2006-08-07,6
2006-08-08,4
2006-08-09,2
2006-08-10,3
2006-08-11,6
2006-08-12,2
2006-08-13,3
2006-08-14,6
2006-08-15,2
2006-08-16,3
2006-08-17,2
2006-08-18,3
2006-08-19,1
2006-08-20,1
2006-08-21,7
2006-08-22,6
2006-08-23,10
2006-08-25,5
2006-08-26,6
2006-08-27,3
2006-08-28,4
2006-08-29,5
2006-08-30,6
2006-08-31,5
2006-09-01,6
2006-09-02,4
2006-09-03,1
2006-09-04,3
2006-09-05,5
2006-09-06,9
2006-09-07,6
2006-09-08,5
2006-09-09,3
2006-09-10,4
2006-09-11,5
2006-09-12,4
2006-09-13,5
2006-09-14,7
2006-09-15,4
2006-09-16,2
2006-09-17,4
2006-09-18,4
2006-09-19,7
2006-09-20,2
2006-09-21,8
2006-09-22,3
2006-09-23,5
2006-09-24,1
2006-09-25,2
2006-09-26,3
2006-09-27,9
2006-09-28,7
2006-09-29,7
2006-09-30,5
2006-10-01,1
2006-10-02,10
2006-10-03,4
2006-10-04,1
2006-10-05,2
2006-10-06,3
2006-10-07,6
2006-10-08,4
2006-10-09,1
2006-10-10,4
2006-10-11,6
2006-10-12,6
2006-10-13,1
2006-10-15,7
2006-10-16,5
2006-10-17,8
2006-10-18,1
2006-10-19,3
2006-10-20,3
2006-10-21,2
2006-10-22,4
2006-10-23,6
2006-10-24,3
2006-10-25,3
2006-10-26,4
2006-10-27,2
2006-10-28,2
2006-10-29,1
2006-10-30,6
2006-10-31,2
2006-11-01,9
2006-11-02,5
2006-11-03,2
2006-11-04,2
2006-11-05,2
2006-11-06,7
2006-11-07,2
2006-11-08,8
2006-11-09,4
2006-11-10,2
2006-11-11,3
2006-11-12,4
2006-11-13,2
2006-11-14,8
2006-11-15,7
2006-11-16,1
2006-11-17,8
2006-11-18,1
2006-11-19,2
2006-11-20,5
2006-11-21,7
2006-11-22,4
2006-11-23,3
2006-11-24,3
2006-11-25,3
2006-11-26,9
2006-11-27,6
2006-11-28,6
2006-11-29,5
2006-11-30,6
2006-12-01,4
2006-12-02,2
2006-12-03,3
2006-12-04,6
2006-12-06,5
2006-12-07,3
2006-12-08,5
2006-12-09,3
2006-12-10,5
2006-12-11,12
2006-12-12,6
2006-12-13,10
2006-12-14,5
2006-12-15,1
2006-12-16,3
2006-12-17,5
2006-12-18,6
2006-12-20,1
2006-12-21,1
2006-12-22,3
2006-12-23,1
2006-12-24,1
2006-12-25,3
2006-12-26,6
2006-12-27,3
2006-12-28,3
2006-12-29,5
2006-12-30,6
2006-12-31,2
2007-01-01,4
2007-01-02,4
2007-01-03,2
2007-01-04,4
2007-01-05,5
2007-01-07,2
2007-01-08,3
2007-01-09,1
2007-01-10,4
2007-01-11,5
2007-01-12,3
2007-01-13,2
2007-01-14,3
2007-01-15,1
2007-01-16,8
2007-01-17,4
2007-01-18,1
2007-01-19,5
2007-01-20,4
2007-01-21,2
2007-01-22,2
2007-01-23,3
2007-01-24,2
2007-01-25,3
2007-01-26,4
2007-01-27,5
2007-01-28,4
2007-01-29,5
2007-01-30,2
2007-01-31,6
2007-02-01,7
2007-02-02,5
2007-02-03,2
2007-02-04,3
2007-02-05,1
2007-02-06,3
2007-02-07,3
2007-02-08,6
2007-02-09,6
2007-02-10,4
2007-02-11,1
2007-02-12,2
2007-02-13,5
2007-02-14,5
2007-02-15,2
2007-02-16,5
2007-02-17,1
2007-02-18,2
2007-02-19,6
2007-02-20,2
2007-02-21,1
2007-02-22,3
2007-02-24,4
2007-02-25,1
2007-02-26,4
2007-02-27,5
2007-02-28,3
2007-03-01,2
2007-03-02,1
2007-03-03,2
2007-03-04,4
2007-03-05,5
2007-03-06,5
2007-03-07,2
2007-03-08,6
2007-03-09,7
2007-03-10,3
2007-03-11,2
2007-03-12,6
2007-03-13,4
2007-03-14,2
2007-03-15,3
2007-03-16,4
2007-03-17,2
2007-03-18,2
2007-03-19,8
2007-03-20,4
2007-03-21,2
2007-03-22,7
2007-03-23,5
2007-03-24,4
2007-03-25,2
2007-03-26,6
2007-03-27,7
2007-03-28,7
2007-03-29,2
2007-03-30,4
2007-03-31,3
2007-04-01,10
2007-04-02,4
2007-04-03,5
2007-04-04,5
2007-04-05,7
2007-04-06,6
2007-04-07,3
2007-04-08,3
2007-04-09,6
2007-04-10,6
2007-04-11,4
2007-04-12,4
2007-04-13,2
2007-04-14,6
2007-04-15,7
2007-04-16,5
2007-04-17,5
2007-04-18,4
2007-04-19,2
2007-04-20,7
2007-04-21,7
2007-04-22,1
2007-04-23,5
2007-04-24,6
2007-04-25,4
2007-04-26,5
2007-04-27,8
2007-04-28,5
2007-04-29,3
2007-04-30,8
2007-05-01,3
2007-05-02,3
2007-05-03,1
2007-05-04,4
2007-05-05,2
2007-05-06,6
2007-05-07,5
2007-05-08,3
2007-05-09,5
2007-05-10,7
2007-05-11,8
2007-05-12,2
2007-05-13,1
2007-05-14,9
2007-05-15,7
2007-05-16,6
2007-05-17,8
2007-05-18,10
2007-05-19,4
2007-05-20,6
2007-05-21,8
2007-05-22,3
2007-05-23,3
2007-05-24,7
2007-05-25,6
2007-05-26,1
2007-05-27,2
2007-05-28,4
2007-05-29,5
2007-05-30,7
2007-05-31,7
2007-06-01,4
2007-06-02,7
2007-06-03,3
2007-06-04,8
2007-06-05,10
2007-06-06,7
2007-06-07,6
2007-06-08,3
2007-06-09,4
2007-06-10,5
2007-06-11,11
2007-06-12,6
2007-06-13,4
2007-06-14,7
2007-06-15,2
2007-06-16,4
2007-06-17,4
2007-06-18,4
2007-06-19,6
2007-06-20,9
2007-06-21,3
2007-06-22,8
2007-06-23,2
2007-06-24,2
2007-06-25,2
2007-06-26,4
2007-06-27,4
2007-06-28,8
2007-06-29,1
2007-07-01,4
2007-07-02,4
2007-07-03,6
2007-07-04,1
2007-07-05,10
2007-07-06,4
2007-07-07,3
2007-07-08,8
2007-07-09,3
2007-07-10,4
2007-07-11,4
2007-07-12,4
2007-07-13,5
2007-07-14,5
2007-07-15,3
2007-07-16,3
2007-07-17,10
2007-07-18,4
2007-07-19,5
2007-07-20,6
2007-07-21,4
2007-07-22,2
2007-07-23,1
2007-07-24,2
2007-07-25,4
2007-07-26,9
2007-07-27,5
2007-07-28,4
2007-07-29,3
2007-07-30,6
2007-07-31,4
2007-08-01,6
2007-08-02,8
2007-08-03,3
2007-08-04,2
2007-08-05,6
2007-08-06,4
2007-08-07,8
2007-08-08,7
2007-08-09,3
2007-08-10,4
2007-08-11,1
2007-08-12,5
2007-08-13,3
2007-08-14,3
2007-08-15,5
2007-08-16,2
2007-08-17,5
2007-08-18,5
2007-08-19,4
2007-08-20,5
2007-08-21,6
2007-08-22,8
2007-08-23,6
2007-08-24,4
2007-08-25,4
2007-08-26,6
2007-08-27,3
2007-08-28,4
2007-08-29,8
2007-08-30,5
2007-09-01,4
2007-09-02,5
2007-09-03,6
2007-09-04,9
2007-09-05,3
2007-09-06,8
2007-09-07,6
2007-09-08,4
2007-09-09,3
2007-09-10,2
2007-09-11,5
2007-09-12,2
2007-09-13,3
2007-09-14,2
2007-09-15,5
2007-09-16,5
2007-09-17,9
2007-09-18,7
2007-09-19,5
2007-09-20,5
2007-09-21,5
2007-09-22,5
2007-09-23,4
2007-09-24,9
2007-09-25,5
2007-09-26,4
2007-09-27,4
2007-09-28,5
2007-09-29,2
2007-09-30,6
2007-10-01,5
2007-10-02,4
2007-10-03,6
2007-10-04,3
2007-10-05,4
2007-10-06,1
2007-10-07,7
2007-10-08,10
2007-10-09,1
2007-10-10,3
2007-10-11,4
2007-10-12,6
2007-10-13,1
2007-10-14,8
2007-10-15,3
2007-10-16,5
2007-10-17,4
2007-10-18,3
2007-10-19,2
2007-10-20,6
2007-10-21,7
2007-10-22,3
2007-10-23,2
2007-10-24,7
2007-10-25,5
2007-10-26,4
2007-10-27,3
2007-10-28,2
2007-10-29,6
2007-10-30,5
2007-10-31,3
2007-11-01,3
2007-11-02,6
2007-11-03,6
2007-11-04,10
2007-11-05,8
2007-11-06,7
2007-11-07,5
2007-11-08,8
2007-11-09,7
2007-11-10,3
2007-11-11,5
2007-11-12,2
2007-11-13,6
2007-11-15,3
2007-11-16,3
2007-11-17,3
2007-11-18,6
2007-11-19,5
2007-11-20,11
2007-11-21,3
2007-11-22,4
2007-11-23,4
2007-11-24,11
2007-11-25,3
2007-11-26,4
2007-11-27,3
2007-11-28,5
2007-11-29,7
2007-11-30,8
2007-12-01,2
2007-12-02,3
2007-12-03,5
2007-12-04,4
2007-12-05,2
2007-12-06,6
2007-12-07,4
2007-12-08,6
2007-12-09,8
2007-12-10,1
2007-12-11,6
2007-12-12,4
2007-12-13,5
2007-12-14,2
2007-12-15,3
2007-12-16,4
2007-12-17,3
2007-12-18,2
2007-12-19,1
2007-12-20,1
2007-12-21,3
2007-12-22,2
2007-12-23,3
2007-12-24,2
2007-12-25,2
2007-12-26,1
2007-12-27,6
2007-12-28,5
2007-12-29,4
2007-12-30,3
2008-01-01,3
2008-01-02,7
2008-01-03,4
2008-01-04,8
2008-01-05,4
2008-01-06,4
2008-01-07,5
2008-01-08,6
2008-01-09,6
2008-01-10,3
2008-01-11,8
2008-01-12,2
2008-01-13,4
2008-01-14,2
2008-01-15,7
2008-01-16,4
2008-01-17,4
2008-01-18,5
2008-01-19,1
2008-01-20,2
2008-01-21,8
2008-01-22,5
2008-01-23,6
2008-01-24,5
2008-01-25,7
2008-01-26,1
2008-01-27,6
2008-01-28,5
2008-01-29,5
2008-01-30,9
2008-01-31,3
2008-02-01,6
2008-02-02,2
2008-02-03,5
2008-02-04,7
2008-02-05,9
2008-02-06,2
2008-02-07,3
2008-02-08,4
2008-02-09,1
2008-02-10,2
2008-02-11,4
2008-02-12,5
2008-02-13,4
2008-02-14,7
2008-02-15,8
2008-02-16,7
2008-02-17,2
2008-02-18,8
2008-02-19,7
2008-02-20,6
2008-02-21,8
2008-02-22,6
2008-02-23,3
2008-02-24,2
2008-02-25,6
2008-02-26,5
2008-02-27,3
2008-02-28,8
2008-02-29,1
2008-03-01,2
2008-03-02,5
2008-03-03,8
2008-03-04,7
2008-03-05,7
2008-03-06,6
2008-03-07,5
2008-03-08,1
2008-03-09,8
2008-03-10,10
2008-03-11,3
2008-03-12,8
2008-03-13,8
2008-03-14,6
2008-03-15,1
2008-03-16,6
2008-03-17,5
2008-03-18,4
2008-03-19,7
2008-03-20,7
2008-03-21,5
2008-03-22,4
2008-03-23,5
2008-03-24,9
2008-03-25,10
2008-03-26,6
2008-03-27,6
2008-03-28,5
2008-03-29,2
2008-03-30,4
2008-03-31,7
2008-04-01,5
2008-04-02,2
2008-04-03,6
2008-04-04,5
2008-04-05,4
2008-04-06,5
2008-04-07,7
2008-04-08,5
2008-04-09,4
2008-04-10,3
2008-04-11,7
2008-04-12,4
2008-04-13,13
2008-04-14,6
2008-04-15,4
2008-04-16,6
2008-04-17,8
2008-04-18,8
2008-04-19,4
2008-04-20,9
2008-04-21,8
2008-04-22,4
2008-04-23,6
2008-04-24,6
2008-04-25,5
2008-04-26,4
2008-04-27,6
2008-04-28,14
2008-04-29,6
2008-04-30,4
2008-05-01,8
2008-05-02,7
2008-05-03,3
2008-05-04,6
2008-05-05,5
2008-05-06,12
2008-05-07,9
2008-05-08,7
2008-05-09,8
2008-05-10,1
2008-05-11,7
2008-05-12,11
2008-05-13,3
2008-05-14,7
2008-05-15,4
2008-05-16,8
2008-05-17,3
2008-05-18,7
2008-05-19,8
2008-05-20,4
2008-05-21,2
2008-05-22,4
2008-05-23,6
2008-05-24,3
2008-05-25,4
2008-05-26,8
2008-05-27,6
2008-05-28,7
2008-05-29,6
2008-05-30,9
2008-05-31,9
2008-06-01,4
2008-06-02,9
2008-06-03,3
2008-06-04,5
2008-06-05,9
2008-06-06,6
2008-06-07,3
2008-06-08,5
2008-06-09,8
2008-06-10,9
2008-06-11,7
2008-06-12,6
2008-06-13,4
2008-06-14,4
2008-06-15,2
2008-06-16,7
2008-06-17,11
2008-06-18,7
2008-06-19,7
2008-06-20,8
2008-06-21,3
2008-06-22,5
2008-06-23,3
2008-06-24,10
2008-06-25,5
2008-06-26,4
2008-06-27,10
2008-06-28,5
2008-06-29,7
2008-06-30,5
2008-07-01,8
2008-07-02,3
2008-07-03,7
2008-07-04,1
2008-07-05,4
2008-07-06,12
2008-07-07,4
2008-07-08,4
2008-07-09,10
2008-07-10,7
2008-07-11,10
2008-07-12,3
2008-07-13,6
2008-07-14,5
2008-07-15,6
2008-07-16,9
2008-07-17,4
2008-07-18,4
2008-07-19,6
2008-07-20,11
2008-07-21,9
2008-07-22,4
2008-07-23,5
2008-07-24,6
2008-07-25,8
2008-07-26,7
2008-07-27,7
2008-07-28,8
2008-07-29,7
2008-07-30,6
2008-07-31,5
2008-08-01,7
2008-08-02,9
2008-08-03,7
2008-08-04,6
2008-08-05,3
2008-08-06,6
2008-08-07,7
2008-08-08,14
2008-08-09,2
2008-08-10,4
2008-08-11,11
2008-08-12,12
2008-08-13,8
2008-08-14,8
2008-08-15,10
2008-08-16,7
2008-08-17,7
2008-08-18,6
2008-08-19,9
2008-08-20,6
2008-08-21,6
2008-08-22,7
2008-08-23,5
2008-08-24,3
2008-08-25,23
2008-08-26,10
2008-08-27,6
2008-08-28,7
2008-08-29,9
2008-08-30,7
2008-08-31,5
2008-09-01,6
2008-09-02,11
2008-09-03,6
2008-09-04,11
2008-09-05,7
2008-09-06,9
2008-09-07,6
2008-09-08,11
2008-09-09,9
2008-09-10,6
2008-09-11,8
2008-09-12,3
2008-09-13,3
2008-09-14,9
2008-09-15,9
2008-09-16,7
2008-09-17,5
2008-09-18,6
2008-09-19,6
2008-09-20,2
2008-09-21,5
2008-09-22,5
2008-09-23,9
2008-09-24,6
2008-09-25,4
2008-09-26,2
2008-09-27,2
2008-09-28,4
2008-09-29,7
2008-09-30,7
2008-10-01,4
2008-10-02,8
2008-10-03,8
2008-10-04,6
2008-10-05,3
2008-10-06,9
2008-10-07,8
2008-10-08,4
2008-10-09,14
2008-10-10,7
2008-10-11,7
2008-10-12,7
2008-10-13,6
2008-10-14,2
2008-10-15,3
2008-10-16,6
2008-10-17,10
2008-10-18,2
2008-10-19,5
2008-10-20,5
2008-10-21,2
2008-10-22,4
2008-10-23,5
2008-10-24,6
2008-10-25,2
2008-10-26,11
2008-10-27,7
2008-10-28,4
2008-10-29,5
2008-10-30,6
2008-10-31,2
2008-11-01,3
2008-11-02,6
2008-11-03,5
2008-11-04,4
2008-11-05,3
2008-11-06,6
2008-11-07,4
2008-11-08,7
2008-11-09,2
2008-11-10,13
2008-11-11,9
2008-11-12,6
2008-11-13,6
2008-11-14,9
2008-11-15,1
2008-11-16,6
2008-11-17,5
2008-11-18,4
2008-11-19,6
2008-11-20,6
2008-11-21,4
2008-11-22,2
2008-11-23,6
2008-11-24,6
2008-11-25,6
2008-11-26,9
2008-11-27,2
2008-11-28,6
2008-11-29,3
2008-11-30,4
2008-12-01,8
2008-12-02,9
2008-12-03,1
2008-12-04,4
2008-12-05,6
2008-12-06,2
2008-12-07,4
2008-12-08,7
2008-12-09,3
2008-12-10,3
2008-12-11,7
2008-12-12,13
2008-12-13,3
2008-12-14,3
2008-12-15,4
2008-12-16,5
2008-12-17,5
2008-12-18,3
2008-12-19,4
2008-12-21,2
2008-12-22,10
2008-12-23,1
2008-12-24,3
2008-12-25,4
2008-12-26,4
2008-12-27,4
2008-12-28,4
2008-12-29,2
2008-12-30,3
2008-12-31,1
2009-01-01,7
2009-01-02,6
2009-01-03,5
2009-01-04,1
2009-01-05,6
2009-01-06,5
2009-01-07,10
2009-01-08,4
2009-01-09,5
2009-01-10,6
2009-01-11,4
2009-01-12,2
2009-01-13,8
2009-01-14,4
2009-01-15,5
2009-01-16,11
2009-01-17,4
2009-01-18,7
2009-01-19,9
2009-01-20,3
2009-01-21,5
2009-01-22,5
2009-01-23,2
2009-01-24,6
2009-01-25,7
2009-01-26,6
2009-01-27,3
2009-01-28,6
2009-01-29,6
2009-01-30,4
2009-01-31,6
2009-02-01,3
2009-02-02,5
2009-02-03,5
2009-02-04,6
2009-02-05,6
2009-02-06,3
2009-02-07,7
2009-02-08,7
2009-02-09,5
2009-02-10,4
2009-02-11,3
2009-02-12,6
2009-02-13,2
2009-02-14,3
2009-02-15,1
2009-02-16,5
2009-02-17,6
2009-02-18,4
2009-02-19,4
2009-02-20,6
2009-02-21,6
2009-02-22,6
2009-02-23,6
2009-02-24,6
2009-02-25,3
2009-02-26,6
2009-02-27,5
2009-02-28,6
2009-03-01,4
2009-03-02,13
2009-03-03,5
2009-03-04,4
2009-03-05,8
2009-03-06,4
2009-03-07,6
2009-03-08,2
2009-03-09,7
2009-03-10,5
2009-03-11,10
2009-03-12,5
2009-03-13,6
2009-03-14,2
2009-03-15,3
2009-03-16,9
2009-03-17,14
2009-03-18,8
2009-03-19,9
2009-03-20,8
2009-03-21,4
2009-03-22,9
2009-03-23,8
2009-03-24,12
2009-03-25,3
2009-03-26,5
2009-03-27,7
2009-03-28,7
2009-03-29,4
2009-03-30,3
2009-03-31,8
2009-04-01,5
2009-04-02,3
2009-04-03,2
2009-04-04,5
2009-04-05,3
2009-04-06,7
2009-04-07,11
2009-04-08,8
2009-04-09,6
2009-04-10,3
2009-04-11,6
2009-04-12,9
2009-04-13,11
2009-04-14,6
2009-04-15,6
2009-04-16,7
2009-04-17,14
2009-04-18,9
2009-04-19,6
2009-04-20,12
2009-04-21,9
2009-04-22,15
2009-04-23,14
2009-04-24,5
2009-04-25,6
2009-04-26,6
2009-04-27,8
2009-04-28,6
2009-04-29,8
2009-04-30,8
2009-05-01,6
2009-05-02,3
2009-05-03,9
2009-05-04,10
2009-05-05,9
2009-05-06,8
2009-05-07,5
2009-05-08,7
2009-05-09,7
2009-05-10,7
2009-05-11,7
2009-05-12,7
2009-05-13,9
2009-05-14,4
2009-05-15,7
2009-05-16,3
2009-05-17,5
2009-05-18,13
2009-05-19,11
2009-05-20,5
2009-05-21,8
2009-05-22,6
2009-05-23,5
2009-05-24,6
2009-05-25,9
2009-05-26,9
2009-05-27,14
2009-05-28,5
2009-05-29,18
2009-05-30,9
2009-05-31,6
2009-06-01,4
2009-06-02,15
2009-06-03,7
2009-06-04,13
2009-06-05,6
2009-06-06,5
2009-06-07,7
2009-06-08,16
2009-06-09,18
2009-06-10,9
2009-06-11,8
2009-06-12,5
2009-06-13,5
2009-06-14,4
2009-06-15,11
2009-06-16,5
2009-06-17,10
2009-06-18,8
2009-06-19,7
2009-06-20,7
2009-06-21,6
2009-06-22,13
2009-06-23,8
2009-06-24,4
2009-06-25,8
2009-06-26,7
2009-06-27,2
2009-06-28,6
2009-06-29,9
2009-06-30,7
2009-07-01,6
2009-07-02,5
2009-07-03,4
2009-07-04,2
2009-07-05,11
2009-07-06,9
2009-07-07,9
2009-07-08,9
2009-07-09,11
2009-07-10,5
2009-07-11,4
2009-07-12,11
2009-07-13,6
2009-07-14,9
2009-07-15,9
2009-07-16,5
2009-07-17,10
2009-07-18,3
2009-07-19,6
2009-07-20,8
2009-07-21,8
2009-07-22,5
2009-07-23,5
2009-07-24,5
2009-07-25,1
2009-07-26,5
2009-07-27,8
2009-07-28,8
2009-07-29,5
2009-07-30,10
2009-07-31,4
2009-08-01,8
2009-08-02,2
2009-08-03,5
2009-08-04,9
2009-08-05,10
2009-08-06,6
2009-08-07,4
2009-08-08,2
2009-08-09,8
2009-08-10,17
2009-08-11,10
2009-08-12,10
2009-08-13,8
2009-08-14,10
2009-08-15,2
2009-08-16,4
2009-08-17,11
2009-08-18,8
2009-08-19,11
2009-08-20,11
2009-08-21,7
2009-08-22,4
2009-08-23,10
2009-08-24,11
2009-08-25,10
2009-08-26,4
2009-08-27,10
2009-08-28,10
2009-08-29,5
2009-08-30,9
2009-08-31,8
2009-09-01,9
2009-09-02,7
2009-09-03,8
2009-09-04,7
2009-09-05,8
2009-09-06,8
2009-09-07,7
2009-09-08,16
2009-09-09,6
2009-09-10,5
2009-09-11,10
2009-09-12,5
2009-09-13,3
2009-09-14,9
2009-09-15,3
2009-09-16,9
2009-09-17,8
2009-09-18,10
2009-09-19,7
2009-09-20,5
2009-09-21,14
2009-09-22,9
2009-09-23,5
2009-09-24,7
2009-09-25,15
2009-09-26,8
2009-09-27,8
2009-09-28,10
2009-09-29,7
2009-09-30,12
2009-10-01,12
2009-10-02,6
2009-10-03,5
2009-10-04,8
2009-10-05,10
2009-10-06,10
2009-10-07,9
2009-10-08,5
2009-10-09,6
2009-10-10,4
2009-10-11,7
2009-10-12,6
2009-10-13,10
2009-10-14,7
2009-10-15,9
2009-10-16,10
2009-10-17,4
2009-10-18,10
2009-10-19,10
2009-10-20,13
2009-10-21,7
2009-10-22,4
2009-10-23,9
2009-10-24,6
2009-10-25,7
2009-10-26,9
2009-10-27,12
2009-10-28,5
2009-10-29,9
2009-10-30,4
2009-10-31,6
2009-11-01,7
2009-11-02,8
2009-11-03,7
2009-11-04,4
2009-11-05,11
2009-11-06,4
2009-11-07,5
2009-11-08,5
2009-11-09,8
2009-11-10,6
2009-11-11,10
2009-11-12,8
2009-11-13,4
2009-11-14,4
2009-11-15,5
2009-11-16,7
2009-11-17,14
2009-11-18,7
2009-11-19,12
2009-11-20,7
2009-11-21,3
2009-11-22,6
2009-11-23,5
2009-11-24,11
2009-11-25,5
2009-11-26,5
2009-11-27,6
2009-11-28,2
2009-11-29,3
2009-11-30,13
2009-12-01,11
2009-12-02,6
2009-12-03,9
2009-12-04,8
2009-12-05,6
2009-12-06,7
2009-12-07,3
2009-12-08,6
2009-12-09,5
2009-12-10,3
2009-12-11,3
2009-12-12,6
2009-12-13,8
2009-12-14,5
2009-12-15,4
2009-12-16,2
2009-12-17,6
2009-12-18,4
2009-12-19,1
2009-12-20,6
2009-12-21,5
2009-12-22,2
2009-12-23,2
2009-12-24,5
2009-12-26,7
2009-12-27,6
2009-12-28,7
2009-12-29,3
2009-12-30,6
2009-12-31,3
2010-01-01,4
2010-01-02,4
2010-01-03,3
2010-01-04,7
2010-01-05,8
2010-01-06,9
2010-01-07,2
2010-01-08,6
2010-01-09,4
2010-01-10,5
2010-01-11,8
2010-01-12,6
2010-01-13,5
2010-01-14,3
2010-01-15,8
2010-01-16,3
2010-01-17,10
2010-01-18,14
2010-01-19,6
2010-01-20,4
2010-01-21,7
2010-01-22,10
2010-01-23,2
2010-01-24,5
2010-01-25,6
2010-01-26,6
2010-01-27,5
2010-01-28,4
2010-01-29,6
2010-01-30,10
2010-01-31,7
2010-02-01,4
2010-02-02,4
2010-02-03,7
2010-02-04,8
2010-02-05,8
2010-02-06,6
2010-02-07,5
2010-02-08,9
2010-02-09,13
2010-02-10,11
2010-02-11,10
2010-02-12,3
2010-02-13,5
2010-02-14,2
2010-02-15,5
2010-02-16,4
2010-02-17,6
2010-02-18,4
2010-02-19,3
2010-02-20,5
2010-02-21,6
2010-02-22,7
2010-02-23,11
2010-02-24,7
2010-02-25,10
2010-02-26,4
2010-02-27,4
2010-02-28,4
2010-03-01,7
2010-03-02,8
2010-03-03,7
2010-03-04,9
2010-03-05,8
2010-03-06,10
2010-03-07,5
2010-03-08,15
2010-03-09,8
2010-03-10,15
2010-03-11,13
2010-03-12,4
2010-03-13,3
2010-03-14,13
2010-03-15,7
2010-03-16,5
2010-03-17,2
2010-03-18,6
2010-03-19,4
2010-03-20,5
2010-03-21,8
2010-03-22,8
2010-03-23,10
2010-03-24,10
2010-03-25,13
2010-03-26,7
2010-03-27,7
2010-03-28,10
2010-03-29,17
2010-03-30,18
2010-03-31,7
2010-04-01,12
2010-04-02,7
2010-04-03,6
2010-04-04,6
2010-04-05,11
2010-04-06,8
2010-04-07,14
2010-04-08,6
2010-04-09,7
2010-04-10,8
2010-04-11,9
2010-04-12,11
2010-04-13,12
2010-04-14,9
2010-04-15,8
2010-04-16,12
2010-04-17,6
2010-04-18,8
2010-04-19,19
2010-04-20,14
2010-04-21,16
2010-04-22,15
2010-04-23,10
2010-04-24,5
2010-04-25,13
2010-04-26,14
2010-04-27,10
2010-04-28,11
2010-04-29,4
2010-04-30,9
2010-05-01,13
2010-05-02,8
2010-05-03,18
2010-05-04,14
2010-05-05,16
2010-05-06,9
2010-05-07,8
2010-05-08,5
2010-05-09,15
2010-05-10,11
2010-05-11,9
2010-05-12,10
2010-05-13,5
2010-05-14,12
2010-05-15,10
2010-05-16,4
2010-05-17,17
2010-05-18,14
2010-05-19,15
2010-05-20,11
2010-05-21,10
2010-05-22,14
2010-05-23,6
2010-05-24,16
2010-05-25,11
2010-05-26,15
2010-05-27,8
2010-05-28,8
2010-05-29,8
2010-05-30,8
2010-05-31,12
2010-06-01,15
2010-06-02,6
2010-06-03,10
2010-06-04,11
2010-06-05,13
2010-06-06,18
2010-06-07,8
2010-06-08,7
2010-06-09,4
2010-06-10,3
2010-06-11,10
2010-06-12,7
2010-06-13,6
2010-06-14,10
2010-06-15,14
2010-06-16,10
2010-06-17,8
2010-06-18,10
2010-06-19,9
2010-06-20,6
2010-06-21,11
2010-06-22,18
2010-06-23,7
2010-06-24,8
2010-06-25,18
2010-06-26,6
2010-06-27,7
2010-06-28,16
2010-06-29,6
2010-06-30,7
2010-07-01,8
2010-07-02,11
2010-07-03,11
2010-07-04,8
2010-07-05,13
2010-07-06,9
2010-07-07,18
2010-07-08,3
2010-07-09,9
2010-07-10,11
2010-07-11,8
2010-07-12,17
2010-07-13,10
2010-07-14,11
2010-07-15,8
2010-07-16,6
2010-07-17,7
2010-07-18,10
2010-07-19,12
2010-07-20,14
2010-07-21,13
2010-07-22,8
2010-07-23,8
2010-07-24,7
2010-07-25,7
2010-07-26,13
2010-07-27,14
2010-07-28,11
2010-07-29,10
2010-07-30,13
2010-07-31,9
2010-08-01,11
2010-08-02,11
2010-08-03,15
2010-08-04,6
2010-08-05,12
2010-08-06,5
2010-08-07,9
2010-08-08,9
2010-08-09,15
2010-08-10,13
2010-08-11,9
2010-08-12,14
2010-08-13,7
2010-08-14,10
2010-08-15,13
2010-08-16,16
2010-08-17,11
2010-08-18,9
2010-08-19,17
2010-08-20,10
2010-08-21,9
2010-08-22,7
2010-08-23,11
2010-08-24,10
2010-08-25,10
2010-08-26,9
2010-08-27,13
2010-08-28,3
2010-08-29,13
2010-08-30,15
2010-08-31,12
2010-09-01,9
2010-09-02,9
2010-09-03,13
2010-09-04,13
2010-09-05,10
2010-09-06,6
2010-09-07,20
2010-09-08,12
2010-09-09,10
2010-09-10,12
2010-09-11,5
2010-09-12,5
2010-09-13,14
2010-09-14,10
2010-09-15,13
2010-09-16,19
2010-09-17,4
2010-09-18,8
2010-09-19,10
2010-09-20,12
2010-09-21,8
2010-09-22,17
2010-09-23,9
2010-09-24,7
2010-09-25,7
2010-09-26,10
2010-09-27,23
2010-09-28,8
2010-09-29,15
2010-09-30,9
2010-10-01,12
2010-10-02,6
2010-10-03,8
2010-10-04,17
2010-10-05,15
2010-10-06,11
2010-10-07,8
2010-10-08,10
2010-10-09,6
2010-10-10,7
2010-10-11,15
2010-10-12,7
2010-10-13,10
2010-10-14,6
2010-10-15,9
2010-10-16,9
2010-10-17,9
2010-10-18,16
2010-10-19,17
2010-10-20,17
2010-10-21,9
2010-10-22,4
2010-10-23,10
2010-10-24,10
2010-10-25,12
2010-10-26,8
2010-10-27,6
2010-10-28,7
2010-10-29,7
2010-10-30,3
2010-10-31,9
2010-11-01,12
2010-11-02,14
2010-11-03,16
2010-11-04,10
2010-11-05,11
2010-11-06,8
2010-11-07,7
2010-11-08,16
2010-11-09,7
2010-11-10,12
2010-11-11,7
2010-11-12,7
2010-11-13,5
2010-11-14,14
2010-11-15,10
2010-11-16,11
2010-11-17,14
2010-11-18,7
2010-11-19,10
2010-11-20,10
2010-11-21,6
2010-11-22,14
2010-11-23,7
2010-11-24,6
2010-11-25,3
2010-11-26,3
2010-11-27,3
2010-11-28,6
2010-11-29,9
2010-11-30,12
2010-12-01,14
2010-12-02,10
2010-12-03,15
2010-12-04,8
2010-12-05,4
2010-12-06,14
2010-12-07,8
2010-12-08,8
2010-12-09,4
2010-12-10,10
2010-12-11,5
2010-12-12,4
2010-12-13,12
2010-12-14,7
2010-12-15,8
2010-12-16,4
2010-12-17,5
2010-12-18,6
2010-12-19,2
2010-12-20,6
2010-12-21,6
2010-12-22,1
2010-12-23,3
2010-12-24,6
2010-12-25,9
2010-12-26,4
2010-12-27,4
2010-12-28,4
2010-12-29,11
2010-12-30,10
2010-12-31,11
2011-01-01,5
2011-01-02,8
2011-01-03,9
2011-01-04,12
2011-01-05,8
2011-01-06,14
2011-01-07,9
2011-01-08,2
2011-01-09,2
2011-01-10,12
2011-01-11,12
2011-01-12,4
2011-01-13,11
2011-01-14,8
2011-01-15,6
2011-01-16,10
2011-01-17,8
2011-01-18,6
2011-01-19,8
2011-01-20,7
2011-01-21,5
2011-01-22,1
2011-01-23,10
2011-01-24,9
2011-01-25,8
2011-01-26,6
2011-01-27,8
2011-01-28,6
2011-01-29,10
2011-01-30,9
2011-01-31,7
2011-02-01,15
2011-02-02,8
2011-02-03,13
2011-02-04,5
2011-02-05,12
2011-02-06,4
2011-02-07,7
2011-02-08,13
2011-02-09,10
2011-02-10,9
2011-02-11,11
2011-02-12,4
2011-02-13,13
2011-02-14,10
2011-02-15,14
2011-02-16,4
2011-02-17,7
2011-02-18,10
2011-02-19,4
2011-02-20,7
2011-02-21,11
2011-02-22,13
2011-02-23,6
2011-02-24,11
2011-02-25,7
2011-02-26,7
2011-02-27,7
2011-02-28,9
2011-03-01,10
2011-03-02,11
2011-03-03,5
2011-03-04,7
2011-03-05,12
2011-03-06,11
2011-03-07,17
2011-03-08,8
2011-03-09,9
2011-03-10,14
2011-03-11,5
2011-03-12,7
2011-03-13,10
2011-03-14,12
2011-03-15,13
2011-03-16,12
2011-03-17,5
2011-03-18,6
2011-03-19,9
2011-03-20,5
2011-03-21,13
2011-03-22,16
2011-03-23,10
2011-03-24,10
2011-03-25,8
2011-03-26,9
2011-03-27,6
2011-03-28,8
2011-03-29,8
2011-03-30,12
2011-03-31,12
2011-04-01,7
2011-04-02,4
2011-04-03,9
2011-04-04,10
2011-04-05,11
2011-04-06,9
2011-04-07,8
2011-04-08,7
2011-04-09,9
2011-04-10,6
2011-04-11,16
2011-04-12,19
2011-04-13,18
2011-04-14,10
2011-04-15,14
2011-04-16,1
2011-04-17,9
2011-04-18,13
2011-04-19,16
2011-04-20,7
2011-04-21,16
2011-04-22,11
2011-04-23,7
2011-04-24,6
2011-04-25,3
2011-04-26,15
2011-04-27,9
2011-04-28,10
2011-04-29,13
2011-04-30,4
2011-05-01,7
2011-05-02,11
2011-05-03,18
2011-05-04,8
2011-05-05,7
2011-05-06,11
2011-05-07,9
2011-05-08,10
2011-05-09,10
2011-05-10,10
2011-05-11,15
2011-05-12,8
2011-05-13,9
2011-05-14,10
2011-05-15,8
2011-05-16,11
2011-05-17,11
2011-05-18,10
2011-05-19,6
2011-05-20,11
2011-05-21,3
2011-05-22,10
2011-05-23,13
2011-05-24,9
2011-05-25,11
2011-05-26,11
2011-05-27,6
2011-05-28,15
2011-05-29,6
2011-05-30,18
2011-05-31,11
2011-06-01,7
2011-06-02,15
2011-06-03,10
2011-06-04,7
2011-06-05,6
2011-06-06,11
2011-06-07,21
2011-06-08,13
2011-06-09,7
2011-06-10,15
2011-06-11,11
2011-06-12,9
2011-06-13,13
2011-06-14,10
2011-06-15,14
2011-06-16,10
2011-06-17,16
2011-06-18,5
2011-06-19,6
2011-06-20,8
2011-06-21,7
2011-06-22,7
2011-06-23,9
2011-06-24,7
2011-06-25,4
2011-06-26,7
2011-06-27,11
2011-06-28,14
2011-06-29,8
2011-06-30,18
2011-07-01,10
2011-07-02,2
2011-07-03,4
2011-07-04,15
2011-07-05,11
2011-07-06,15
2011-07-07,6
2011-07-08,17
2011-07-09,11
2011-07-10,20
2011-07-11,11
2011-07-12,19
2011-07-13,15
2011-07-14,10
2011-07-15,7
2011-07-16,10
2011-07-17,17
2011-07-18,14
2011-07-19,11
2011-07-20,10
2011-07-21,12
2011-07-22,11
2011-07-23,9
2011-07-24,9
2011-07-25,11
2011-07-26,12
2011-07-27,9
2011-07-28,19
2011-07-29,15
2011-07-30,10
2011-07-31,13
2011-08-01,15
2011-08-02,11
2011-08-03,14
2011-08-04,9
2011-08-05,6
2011-08-06,6
2011-08-07,11
2011-08-08,11
2011-08-09,9
2011-08-10,11
2011-08-11,14
2011-08-12,16
2011-08-13,4
2011-08-14,12
2011-08-15,20
2011-08-16,10
2011-08-17,15
2011-08-18,11
2011-08-19,9
2011-08-20,8
2011-08-21,23
2011-08-22,11
2011-08-23,18
2011-08-24,16
2011-08-25,11
2011-08-26,10
2011-08-27,9
2011-08-28,10
2011-08-29,15
2011-08-30,9
2011-08-31,8
2011-09-01,7
2011-09-02,8
2011-09-03,8
2011-09-04,12
2011-09-05,6
2011-09-06,13
2011-09-07,10
2011-09-08,10
2011-09-09,8
2011-09-10,13
2011-09-11,16
2011-09-12,19
2011-09-13,14
2011-09-14,13
2011-09-15,15
2011-09-16,11
2011-09-17,13
2011-09-18,17
2011-09-19,14
2011-09-20,14
2011-09-21,7
2011-09-22,15
2011-09-23,12
2011-09-24,6
2011-09-25,11
2011-09-26,11
2011-09-27,10
2011-09-28,7
2011-09-29,9
2011-09-30,3
2011-10-01,3
2011-10-02,6
2011-10-03,14
2011-10-04,12
2011-10-05,9
2011-10-06,12
2011-10-07,10
2011-10-08,4
2011-10-09,6
2011-10-10,14
2011-10-11,13
2011-10-12,14
2011-10-13,18
2011-10-14,6
2011-10-15,10
2011-10-16,9
2011-10-17,12
2011-10-18,7
2011-10-19,5
2011-10-20,13
2011-10-21,8
2011-10-22,5
2011-10-23,12
2011-10-24,18
2011-10-25,10
2011-10-26,12
2011-10-27,13
2011-10-28,12
2011-10-29,8
2011-10-30,14
2011-10-31,20
2011-11-01,13
2011-11-02,7
2011-11-03,6
2011-11-04,7
2011-11-05,8
2011-11-06,12
2011-11-07,15
2011-11-08,9
2011-11-09,8
2011-11-10,10
2011-11-11,4
2011-11-12,18
2011-11-13,11
2011-11-14,11
2011-11-15,9
2011-11-16,19
2011-11-17,8
2011-11-18,10
2011-11-19,12
2011-11-20,10
2011-11-21,10
2011-11-22,5
2011-11-23,4
2011-11-24,5
2011-11-25,7
2011-11-26,5
2011-11-27,10
2011-11-28,8
2011-11-29,7
2011-11-30,14
2011-12-01,13
2011-12-02,10
2011-12-03,7
2011-12-04,10
2011-12-05,19
2011-12-06,11
2011-12-07,4
2011-12-08,8
2011-12-09,12
2011-12-10,5
2011-12-11,13
2011-12-12,13
2011-12-13,17
2011-12-14,12
2011-12-15,7
2011-12-16,12
2011-12-17,3
2011-12-18,6
2011-12-19,16
2011-12-20,8
2011-12-21,8
2011-12-22,15
2011-12-23,6
2011-12-24,9
2011-12-25,7
2011-12-26,9
2011-12-27,13
2011-12-28,9
2011-12-29,15
2011-12-30,10
2011-12-31,8
2012-01-01,10
2012-01-02,9
2012-01-03,14
2012-01-04,7
2012-01-05,10
2012-01-06,10
2012-01-07,10
2012-01-08,16
2012-01-09,12
2012-01-10,11
2012-01-11,7
2012-01-12,8
2012-01-13,12
2012-01-14,13
2012-01-15,17
2012-01-16,5
2012-01-17,11
2012-01-18,12
2012-01-19,14
2012-01-20,9
2012-01-21,8
2012-01-22,11
2012-01-23,9
2012-01-24,14
2012-01-25,15
2012-01-26,9
2012-01-27,7
2012-01-28,10
2012-01-29,9
2012-01-30,9
2012-01-31,16
2012-02-01,13
2012-02-02,8
2012-02-03,8
2012-02-04,14
2012-02-05,10
2012-02-06,15
2012-02-07,8
2012-02-08,11
2012-02-09,11
2012-02-10,12
2012-02-11,16
2012-02-12,13
2012-02-13,17
2012-02-14,15
2012-02-15,8
2012-02-16,6
2012-02-17,10
2012-02-18,10
2012-02-19,11
2012-02-20,14
2012-02-21,15
2012-02-22,8
2012-02-23,11
2012-02-24,9
2012-02-25,15
2012-02-26,18
2012-02-27,19
2012-02-28,9
2012-02-29,11
2012-03-01,13
2012-03-02,15
2012-03-03,12
2012-03-04,8
2012-03-05,13
2012-03-06,13
2012-03-07,9
2012-03-08,11
2012-03-09,14
2012-03-10,11
2012-03-11,13
2012-03-12,15
2012-03-13,18
2012-03-14,12
2012-03-15,17
2012-03-16,13
2012-03-17,11
2012-03-18,16
2012-03-19,15
2012-03-20,22
2012-03-21,15
2012-03-22,15
2012-03-23,14
2012-03-24,13
2012-03-25,15
2012-03-26,16
2012-03-27,19
2012-03-28,11
2012-03-29,12
2012-03-30,23
2012-03-31,19
2012-04-01,13
2012-04-02,17
2012-04-03,11
2012-04-04,15
2012-04-05,16
2012-04-06,14
2012-04-07,13
2012-04-08,13
2012-04-09,23
2012-04-10,19
2012-04-11,19
2012-04-12,20
2012-04-13,10
2012-04-14,11
2012-04-15,19
2012-04-16,19
2012-04-17,20
2012-04-18,14
2012-04-19,20
2012-04-20,15
2012-04-21,16
2012-04-22,18
2012-04-23,24
2012-04-24,14
2012-04-25,13
2012-04-26,9
2012-04-27,12
2012-04-28,14
2012-04-29,12
2012-04-30,16
2012-05-01,20
2012-05-02,19
2012-05-03,20
2012-05-04,22
2012-05-05,10
2012-05-06,20
2012-05-07,12
2012-05-08,21
2012-05-09,11
2012-05-10,10
2012-05-11,4
2012-05-12,10
2012-05-13,15
2012-05-14,21
2012-05-15,32
2012-05-16,16
2012-05-17,14
2012-05-18,17
2012-05-19,21
2012-05-20,23
2012-05-21,21
2012-05-22,22
2012-05-23,20
2012-05-24,22
2012-05-25,18
2012-05-26,23
2012-05-27,19
2012-05-28,29
2012-05-29,18
2012-05-30,24
2012-05-31,19
2012-06-01,20
2012-06-02,13
2012-06-03,17
2012-06-04,19
2012-06-05,23
2012-06-06,13
2012-06-07,9
2012-06-08,14
2012-06-09,8
2012-06-10,20
2012-06-11,11
2012-06-12,24
2012-06-13,11
2012-06-14,17
2012-06-15,16
2012-06-16,13
2012-06-17,14
2012-06-18,24
2012-06-19,16
2012-06-20,16
2012-06-21,14
2012-06-22,11
2012-06-23,19
2012-06-24,21
2012-06-25,23
2012-06-26,17
2012-06-27,13
2012-06-28,11
2012-06-29,23
2012-06-30,10
2012-07-01,10
2012-07-02,28
2012-07-03,14
2012-07-04,16
2012-07-05,18
2012-07-06,21
2012-07-07,15
2012-07-08,16
2012-07-09,18
2012-07-10,17
2012-07-11,15
2012-07-12,18
2012-07-13,20
2012-07-14,5
2012-07-15,19
2012-07-16,21
2012-07-17,13
2012-07-18,14
2012-07-19,16
2012-07-20,11
2012-07-21,22
2012-07-22,26
2012-07-23,19
2012-07-24,20
2012-07-25,16
2012-07-26,11
2012-07-27,21
2012-07-28,16
2012-07-29,14
2012-07-30,20
2012-07-31,12
2012-08-01,20
2012-08-02,25
2012-08-03,18
2012-08-04,14
2012-08-05,18
2012-08-06,28
2012-08-07,22
2012-08-08,14
2012-08-09,13
2012-08-10,12
2012-08-11,11
2012-08-12,17
2012-08-13,24
2012-08-14,19
2012-08-15,13
2012-08-16,20
2012-08-17,22
2012-08-18,15
2012-08-19,18
2012-08-20,14
2012-08-21,17
2012-08-22,14
2012-08-23,18
2012-08-24,15
2012-08-25,13
2012-08-26,22
2012-08-27,34
2012-08-28,18
2012-08-29,28
2012-08-30,16
2012-08-31,18
2012-09-01,13
2012-09-02,16
2012-09-03,12
2012-09-04,31
2012-09-05,12
2012-09-06,14
2012-09-07,13
2012-09-08,11
2012-09-09,16
2012-09-10,23
2012-09-11,11
2012-09-12,18
2012-09-13,13
2012-09-14,17
2012-09-15,13
2012-09-16,13
2012-09-17,20
2012-09-18,15
2012-09-19,19
2012-09-20,14
2012-09-21,12
2012-09-22,8
2012-09-23,21
2012-09-24,20
2012-09-25,11
2012-09-26,13
2012-09-27,13
2012-09-28,17
2012-09-29,14
2012-09-30,22
2012-10-01,22
2012-10-02,10
2012-10-03,22
2012-10-04,8
2012-10-05,16
2012-10-06,14
2012-10-07,10
2012-10-08,21
2012-10-09,15
2012-10-10,17
2012-10-11,26
2012-10-12,12
2012-10-13,12
2012-10-14,16
2012-10-15,31
2012-10-16,15
2012-10-17,21
2012-10-18,11
2012-10-19,18
2012-10-20,10
2012-10-21,16
2012-10-22,25
2012-10-23,21
2012-10-24,11
2012-10-25,14
2012-10-26,8
2012-10-27,7
2012-10-28,12
2012-10-29,16
2012-10-30,12
2012-10-31,10
2012-11-01,14
2012-11-02,10
2012-11-03,12
2012-11-04,14
2012-11-05,23
2012-11-06,19
2012-11-07,5
2012-11-08,10
2012-11-09,7
2012-11-10,5
2012-11-11,17
2012-11-12,23
2012-11-13,6
2012-11-14,12
2012-11-15,13
2012-11-16,12
2012-11-17,9
2012-11-18,14
2012-11-19,18
2012-11-20,11
2012-11-21,13
2012-11-22,9
2012-11-23,14
2012-11-24,15
2012-11-25,18
2012-11-26,22
2012-11-27,15
2012-11-28,13
2012-11-29,15
2012-11-30,14
2012-12-01,8
2012-12-02,15
2012-12-03,17
2012-12-04,16
2012-12-05,13
2012-12-06,11
2012-12-07,12
2012-12-08,9
2012-12-09,13
2012-12-10,8
2012-12-11,14
2012-12-12,16
2012-12-13,12
2012-12-14,12
2012-12-15,10
2012-12-16,11
2012-12-17,13
2012-12-18,13
2012-12-19,14
2012-12-20,13
2012-12-21,10
2012-12-22,3
2012-12-23,8
2012-12-24,13
2012-12-25,14
2012-12-26,9
2012-12-27,8
2012-12-28,3
2012-12-29,7
2012-12-30,9
2012-12-31,15
2013-01-01,6
2013-01-02,22
2013-01-03,7
2013-01-04,15
2013-01-05,8
2013-01-06,16
2013-01-07,13
2013-01-08,13
2013-01-09,14
2013-01-10,14
2013-01-11,14
2013-01-12,9
2013-01-13,11
2013-01-14,14
2013-01-15,9
2013-01-16,7
2013-01-17,10
2013-01-18,13
2013-01-19,9
2013-01-20,15
2013-01-21,15
2013-01-22,14
2013-01-23,15
2013-01-24,9
2013-01-25,8
2013-01-26,9
2013-01-27,20
2013-01-28,12
2013-01-29,18
2013-01-30,20
2013-01-31,7
2013-02-01,8
2013-02-02,10
2013-02-03,14
2013-02-04,23
2013-02-05,15
2013-02-06,19
2013-02-07,14
2013-02-08,11
2013-02-09,12
2013-02-10,14
2013-02-11,20
2013-02-12,11
2013-02-13,16
2013-02-14,8
2013-02-15,8
2013-02-16,13
2013-02-17,13
2013-02-18,15
2013-02-19,16
2013-02-20,13
2013-02-21,12
2013-02-22,8
2013-02-23,7
2013-02-24,10
2013-02-25,19
2013-02-26,15
2013-02-27,19
2013-02-28,16
2013-03-01,8
2013-03-02,8
2013-03-03,8
2013-03-04,17
2013-03-05,15
2013-03-06,15
2013-03-07,16
2013-03-08,10
2013-03-09,15
2013-03-10,12
2013-03-11,15
2013-03-12,33
2013-03-13,13
2013-03-14,23
2013-03-15,30
2013-03-16,36
2013-03-17,18
2013-03-18,24
2013-03-19,17
2013-03-20,13
2013-03-21,8
2013-03-22,29
2013-03-23,21
2013-03-24,15
2013-03-25,27
2013-03-26,22
2013-03-27,17
2013-03-28,19
2013-03-29,14
2013-03-30,15
2013-03-31,16
2013-04-01,25
2013-04-02,17
2013-04-03,41
2013-04-04,23
2013-04-05,18
2013-04-06,26
2013-04-07,18
2013-04-08,30
2013-04-09,37
2013-04-10,25
2013-04-11,14
2013-04-12,13
2013-04-13,18
2013-04-14,10
2013-04-15,28
2013-04-16,18
2013-04-17,29
2013-04-18,17
2013-04-19,27
2013-04-20,16
2013-04-21,17
2013-04-22,19
2013-04-23,22
2013-04-24,15
2013-04-25,18
2013-04-26,21
2013-04-27,18
2013-04-28,25
2013-04-29,32
2013-04-30,33
2013-05-01,28
2013-05-02,24
2013-05-03,25
2013-05-04,22
2013-05-05,19
2013-05-06,32
2013-05-07,12
2013-05-08,17
2013-05-09,20
2013-05-10,28
2013-05-11,11
2013-05-12,24
2013-05-13,28
2013-05-14,94
2013-05-15,90
2013-05-16,86
2013-05-17,50
2013-05-18,31
2013-05-19,30
2013-05-20,45
2013-05-21,66
2013-05-22,45
2013-05-23,28
2013-05-24,23
2013-05-25,20
2013-05-26,26
2013-05-27,35
2013-05-28,46
2013-05-29,64
2013-05-30,28
2013-05-31,20
2013-06-01,29
2013-06-02,24
2013-06-03,35
2013-06-04,25
2013-06-05,14
2013-06-06,22
2013-06-07,30
2013-06-08,11
2013-06-09,24
2013-06-10,27
2013-06-11,26
2013-06-12,32
2013-06-13,28
2013-06-14,24
2013-06-15,29
2013-06-16,18
2013-06-17,34
2013-06-18,22
2013-06-19,27
2013-06-20,37
2013-06-21,30
2013-06-22,27
2013-06-23,22
2013-06-24,35
2013-06-25,27
2013-06-26,26
2013-06-27,24
2013-06-28,19
2013-06-29,18
2013-06-30,23
2013-07-01,31
2013-07-02,28
2013-07-03,30
2013-07-04,18
2013-07-05,18
2013-07-06,20
2013-07-07,26
2013-07-08,39
2013-07-09,27
2013-07-10,24
2013-07-11,32
2013-07-12,29
2013-07-13,20
2013-07-14,27
2013-07-15,28
2013-07-16,23
2013-07-17,23
2013-07-18,17
2013-07-19,28
2013-07-20,19
2013-07-21,24
2013-07-22,36
2013-07-23,28
2013-07-24,35
2013-07-25,38
2013-07-26,45
2013-07-27,27
2013-07-28,23
2013-07-29,18
2013-07-30,26
2013-07-31,36
2013-08-01,26
2013-08-02,21
2013-08-03,26
2013-08-04,22
2013-08-05,32
2013-08-06,35
2013-08-07,21
2013-08-08,24
2013-08-09,27
2013-08-10,18
2013-08-11,23
2013-08-12,37
2013-08-13,21
2013-08-14,28
2013-08-15,31
2013-08-16,23
2013-08-17,25
2013-08-18,21
2013-08-19,35
2013-08-20,27
2013-08-21,19
2013-08-22,24
2013-08-23,26
2013-08-24,15
2013-08-25,30
2013-08-26,41
2013-08-27,23
2013-08-28,23
2013-08-29,26
2013-08-30,30
2013-08-31,26
2013-09-01,19
2013-09-02,27
2013-09-03,22
2013-09-04,31
2013-09-05,20
2013-09-06,21
2013-09-07,25
2013-09-08,25
2013-09-09,25
2013-09-10,16
2013-09-11,10
2013-09-12,17
2013-09-13,16
2013-09-14,19
2013-09-15,19
2013-09-16,21
2013-09-17,28
2013-09-18,23
2013-09-19,24
2013-09-20,23
2013-09-21,22
2013-09-22,26
2013-09-23,24
2013-09-24,28
2013-09-25,18
2013-09-26,22
2013-09-27,27
2013-09-28,30
2013-09-29,22
2013-09-30,34
2013-10-01,25
2013-10-02,21
2013-10-03,22
2013-10-04,33
2013-10-05,49
2013-10-06,28
2013-10-07,35
2013-10-08,22
2013-10-09,22
2013-10-10,31
2013-10-11,24
2013-10-12,13
2013-10-13,21
2013-10-14,32
2013-10-15,23
2013-10-16,24
2013-10-17,16
2013-10-18,22
2013-10-19,17
2013-10-20,35
2013-10-21,24
2013-10-22,25
2013-10-23,34
2013-10-24,19
2013-10-25,31
2013-10-26,17
2013-10-27,15
2013-10-28,28
2013-10-29,25
2013-10-30,28
2013-10-31,18
2013-11-01,18
2013-11-02,22
2013-11-03,29
2013-11-04,30
2013-11-05,23
2013-11-06,15
2013-11-07,17
2013-11-08,22
2013-11-09,19
2013-11-10,21
2013-11-11,27
2013-11-12,23
2013-11-13,18
2013-11-14,17
2013-11-15,25
2013-11-16,20
2013-11-17,26
2013-11-18,28
2013-11-19,19
2013-11-20,20
2013-11-21,28
2013-11-22,22
2013-11-23,19
2013-11-24,30
2013-11-25,18
2013-11-26,19
2013-11-27,16
2013-11-28,13
2013-11-29,18
2013-11-30,20
2013-12-01,19
2013-12-02,18
2013-12-03,17
2013-12-04,9
2013-12-05,13
2013-12-06,13
2013-12-07,10
2013-12-08,10
2013-12-09,16
2013-12-10,11
2013-12-11,17
2013-12-12,16
2013-12-13,13
2013-12-14,14
2013-12-15,11
2013-12-16,14
2013-12-17,21
2013-12-18,12
2013-12-19,17
2013-12-20,21
2013-12-21,13
2013-12-22,13
2013-12-23,24
2013-12-24,18
2013-12-25,15
2013-12-26,15
2013-12-27,21
2013-12-28,14
2013-12-29,24
2013-12-30,16
2013-12-31,17
2014-01-01,19
2014-01-02,27
2014-01-03,21
2014-01-04,17
2014-01-05,22
2014-01-06,21
2014-01-07,27
2014-01-08,15
2014-01-09,16
2014-01-10,11
2014-01-11,14
2014-01-12,18
2014-01-13,28
2014-01-14,27
2014-01-15,29
2014-01-16,21
2014-01-17,15
2014-01-18,19
2014-01-19,17
2014-01-20,19
2014-01-21,32
2014-01-22,16
2014-01-23,15
2014-01-24,19
2014-01-25,11
2014-01-26,29
2014-01-27,29
2014-01-28,18
2014-01-29,28
2014-01-30,25
2014-01-31,16
2014-02-01,12
2014-02-02,18
2014-02-03,20
2014-02-04,18
2014-02-05,22
2014-02-06,19
2014-02-07,15
2014-02-08,13
2014-02-09,19
2014-02-10,20
2014-02-11,16
2014-02-12,15
2014-02-13,19
2014-02-14,16
2014-02-15,11
2014-02-16,29
2014-02-17,28
2014-02-18,25
2014-02-19,27
2014-02-20,22
2014-02-21,25
2014-02-22,26
2014-02-23,27
2014-02-24,36
2014-02-25,32
2014-02-26,25
2014-02-27,33
2014-02-28,16
2014-03-01,19
2014-03-02,32
2014-03-03,19
2014-03-04,31
2014-03-05,25
2014-03-06,27
2014-03-07,26
2014-03-08,22
2014-03-09,22
2014-03-10,36
2014-03-11,35
2014-03-12,27
2014-03-13,31
2014-03-14,32
2014-03-15,28
2014-03-16,25
2014-03-17,32
2014-03-18,32
2014-03-19,32
2014-03-20,29
2014-03-21,25
2014-03-22,27
2014-03-23,45
2014-03-24,46
2014-03-25,39
2014-03-26,36
2014-03-27,28
2014-03-28,45
2014-03-29,33
2014-03-30,32
2014-03-31,40
2014-04-01,36
2014-04-02,29
2014-04-03,31
2014-04-04,19
2014-04-05,30
2014-04-06,40
2014-04-07,41
2014-04-08,39
2014-04-09,30
2014-04-10,47
2014-04-11,33
2014-04-12,39
2014-04-13,34
2014-04-14,46
2014-04-15,53
2014-04-16,41
2014-04-17,39
2014-04-18,35
2014-04-19,41
2014-04-20,36
2014-04-21,49
2014-04-22,50
2014-04-23,38
2014-04-24,44
2014-04-25,36
2014-04-26,46
2014-04-27,33
2014-04-28,47
2014-04-29,41
2014-04-30,39
2014-05-01,36
2014-05-02,30
2014-05-03,35
2014-05-04,44
2014-05-05,46
2014-05-06,41
2014-05-07,36
2014-05-08,36
2014-05-09,40
2014-05-10,34
2014-05-11,46
2014-05-12,48
2014-05-13,37
2014-05-14,39
2014-05-15,55
2014-05-16,62
2014-05-17,53
2014-05-18,60
2014-05-19,54
2014-05-20,52
2014-05-21,52
2014-05-22,77
2014-05-23,72
2014-05-24,55
2014-05-25,49
2014-05-26,64
2014-05-27,55
2014-05-28,60
2014-05-29,49
2014-05-30,42
2014-05-31,50
2014-06-01,61
2014-06-02,56
2014-06-03,49
2014-06-04,47
2014-06-05,41
2014-06-06,45
2014-06-07,42
2014-06-08,50
2014-06-09,46
2014-06-10,45
2014-06-11,40
2014-06-12,45
2014-06-13,55
2014-06-14,44
2014-06-15,37
2014-06-16,46
2014-06-17,38
2014-06-18,46
2014-06-19,48
2014-06-20,58
2014-06-21,38
2014-06-22,41
2014-06-23,68
2014-06-24,66
2014-06-25,40
2014-06-26,38
2014-06-27,51
2014-06-28,42
2014-06-29,47
2014-06-30,67
2014-07-01,53
2014-07-02,52
2014-07-03,63
2014-07-04,46
2014-07-05,39
2014-07-06,62
2014-07-07,63
2014-07-08,52
2014-07-09,58
2014-07-10,52
2014-07-11,63
2014-07-12,52
2014-07-13,46
2014-07-14,58
2014-07-15,50
2014-07-16,35
2014-07-17,46
2014-07-18,48
2014-07-19,55
2014-07-20,58
2014-07-21,49
2014-07-22,50
2014-07-23,50
2014-07-24,45
2014-07-25,39
2014-07-26,54
2014-07-27,50
2014-07-28,49
2014-07-29,42
2014-07-30,42
2014-07-31,41
2014-08-01,44
2014-08-02,46
2014-08-03,53
2014-08-04,44
2014-08-05,48
2014-08-06,46
2014-08-07,48
2014-08-08,46
2014-08-09,53
2014-08-10,60
2014-08-11,52
2014-08-12,46
2014-08-13,43
2014-08-14,53
2014-08-15,62
2014-08-16,62
2014-08-17,53
2014-08-18,47
2014-08-19,60
2014-08-20,45
2014-08-21,49
2014-08-22,52
2014-08-23,52
2014-08-24,59
2014-08-25,60
2014-08-26,48
2014-08-27,41
2014-08-28,52
2014-08-29,55
2014-08-30,50
2014-08-31,60
2014-09-01,58
2014-09-02,71
2014-09-03,57
2014-09-04,67
2014-09-05,54
2014-09-06,53
2014-09-07,61
2014-09-08,62
2014-09-09,53
2014-09-10,47
2014-09-11,36
2014-09-12,37
2014-09-13,52
2014-09-14,55
2014-09-15,59
2014-09-16,56
2014-09-17,53
2014-09-18,47
2014-09-19,54
2014-09-20,45
2014-09-21,47
2014-09-22,57
2014-09-23,59
2014-09-24,48
2014-09-25,37
2014-09-26,39
2014-09-27,29
2014-09-28,47
2014-09-29,46
2014-09-30,28
2014-10-01,42
2014-10-02,30
2014-10-03,52
2014-10-04,36
2014-10-05,32
2014-10-06,41
2014-10-07,45
2014-10-08,46
2014-10-09,38
2014-10-10,44
2014-10-11,28
2014-10-12,30
2014-10-13,36
2014-10-14,34
2014-10-15,57
2014-10-16,65
2014-10-17,43
2014-10-18,51
2014-10-19,48
2014-10-20,60
2014-10-21,49
2014-10-22,44
2014-10-23,43
2014-10-24,36
2014-10-25,39
2014-10-26,46
2014-10-27,41
2014-10-28,45
2014-10-29,44
2014-10-30,36
2014-10-31,32
2014-11-01,34
2014-11-02,48
2014-11-03,33
2014-11-04,34
2014-11-05,38
2014-11-06,47
2014-11-07,29
2014-11-08,37
2014-11-09,48
2014-11-10,43
2014-11-11,48
2014-11-12,30
2014-11-13,48
2014-11-14,37
2014-11-15,36
2014-11-16,41
2014-11-17,37
2014-11-18,37
2014-11-19,28
2014-11-20,35
2014-11-21,51
2014-11-22,41
2014-11-23,47
2014-11-24,42
2014-11-25,33
2014-11-26,46
2014-11-27,36
2014-11-28,36
2014-11-29,35
2014-11-30,44
2014-12-01,30
2014-12-02,26
2014-12-03,31
2014-12-04,18
2014-12-05,25
2014-12-06,32
2014-12-07,27
2014-12-08,24
2014-12-09,34
2014-12-10,35
2014-12-11,22
2014-12-12,26
2014-12-13,29
2014-12-14,33
2014-12-15,26
2014-12-16,31
2014-12-17,24
2014-12-18,26
2014-12-19,24
2014-12-20,30
2014-12-21,26
2014-12-22,28
2014-12-23,37
2014-12-24,24
2014-12-25,26
2014-12-26,30
2014-12-27,39
2014-12-28,33
2014-12-29,33
2014-12-30,32
2014-12-31,35
2015-01-01,27
2015-01-02,49
2015-01-03,33
2015-01-04,47
2015-01-05,32
2015-01-06,36
2015-01-07,29
2015-01-08,29
2015-01-09,31
2015-01-10,43
2015-01-11,28
2015-01-12,41
2015-01-13,42
2015-01-14,23
2015-01-15,27
2015-01-16,29
2015-01-17,34
2015-01-18,45
2015-01-19,45
2015-01-20,29
2015-01-21,36
2015-01-22,28
2015-01-23,33
2015-01-24,40
2015-01-25,38
2015-01-26,35
2015-01-27,46
2015-01-28,31
2015-01-29,44
2015-01-30,25
2015-01-31,34
2015-02-01,44
2015-02-02,41
2015-02-03,29
2015-02-04,31
2015-02-05,33
2015-02-06,31
2015-02-07,43
2015-02-08,50
2015-02-09,51
2015-02-10,34
2015-02-11,32
2015-02-12,33
2015-02-13,39
2015-02-14,33
2015-02-15,33
2015-02-16,37
2015-02-17,32
2015-02-18,35
2015-02-19,33
2015-02-20,31
2015-02-21,38
2015-02-22,38
2015-02-23,44
2015-02-24,31
2015-02-25,38
2015-02-26,31
2015-02-27,22
2015-02-28,40
2015-03-01,41
2015-03-02,41
2015-03-03,34
2015-03-04,37
2015-03-05,30
2015-03-06,29
2015-03-07,41
2015-03-08,44
2015-03-09,44
2015-03-10,43
2015-03-11,53
2015-03-12,40
2015-03-13,37
2015-03-14,43
2015-03-15,53
2015-03-16,63
2015-03-17,50
2015-03-18,69
2015-03-19,55
2015-03-20,63
2015-03-21,64
2015-03-22,65
2015-03-23,71
2015-03-24,55
2015-03-25,58
2015-03-26,75
2015-03-27,61
2015-03-28,60
2015-03-29,84
2015-03-30,66
2015-03-31,86
2015-04-01,61
2015-04-02,63
2015-04-03,63
2015-04-04,51
2015-04-05,54
2015-04-06,85
2015-04-07,122
2015-04-08,76
2015-04-09,62
2015-04-10,73
2015-04-11,92
2015-04-12,99
2015-04-13,123
2015-04-14,106
2015-04-15,89
2015-04-16,63
2015-04-17,62
2015-04-18,61
2015-04-19,74
2015-04-20,67
2015-04-21,73
2015-04-22,90
2015-04-23,89
2015-04-24,61
2015-04-25,76
2015-04-26,80
2015-04-27,75
2015-04-28,54
2015-04-29,70
2015-04-30,60
2015-05-01,70
2015-05-02,58
2015-05-03,70
2015-05-04,93
2015-05-05,68
2015-05-06,58
2015-05-07,56
2015-05-08,67
2015-05-09,56
2015-05-10,71
2015-05-11,81
2015-05-12,64
2015-05-13,51
2015-05-14,64
2015-05-15,58
2015-05-16,51
2015-05-17,69
2015-05-18,74
2015-05-19,66
2015-05-20,75
2015-05-21,61
2015-05-22,69
2015-05-23,57
2015-05-24,86
2015-05-25,80
2015-05-26,87
2015-05-27,79
2015-05-28,66
2015-05-29,86
2015-05-30,87
2015-05-31,88
2015-06-01,71
2015-06-02,74
2015-06-03,61
2015-06-04,63
2015-06-05,60
2015-06-06,73
2015-06-07,74
2015-06-08,85
2015-06-09,68
2015-06-10,64
2015-06-11,48
2015-06-12,77
2015-06-13,66
2015-06-14,73
2015-06-15,83
2015-06-16,71
2015-06-17,78
2015-06-18,68
2015-06-19,70
2015-06-20,76
2015-06-21,65
2015-06-22,69
2015-06-23,74
2015-06-24,79
2015-06-25,76
2015-06-26,70
2015-06-27,74
2015-06-28,76
2015-06-29,70
2015-06-30,66
2015-07-01,75
2015-07-02,78
2015-07-03,75
2015-07-04,59
2015-07-05,70
2015-07-06,67
2015-07-07,89
2015-07-08,68
2015-07-09,83
2015-07-10,83
2015-07-11,77
2015-07-12,101
2015-07-13,93
2015-07-14,96
2015-07-15,79
2015-07-16,83
2015-07-17,85
2015-07-18,78
2015-07-19,84
2015-07-20,79
2015-07-21,63
2015-07-22,91
2015-07-23,74
2015-07-24,68
2015-07-25,95
2015-07-26,80
2015-07-27,92
2015-07-28,80
2015-07-29,85
2015-07-30,87
2015-07-31,69
2015-08-01,88
2015-08-02,95
2015-08-03,84
2015-08-04,85
2015-08-05,64
2015-08-06,69
2015-08-07,80
2015-08-08,81
2015-08-09,81
2015-08-10,79
2015-08-11,70
2015-08-12,65
2015-08-13,66
2015-08-14,68
2015-08-15,71
2015-08-16,69
2015-08-17,79
2015-08-18,59
2015-08-19,79
2015-08-20,75
2015-08-21,78
2015-08-22,70
2015-08-23,86
2015-08-24,70
2015-08-25,77
2015-08-26,64
2015-08-27,64
2015-08-28,83
2015-08-29,74
2015-08-30,86
2015-08-31,70
2015-09-01,59
2015-09-02,81
2015-09-03,66
2015-09-04,80
2015-09-05,78
2015-09-06,73
2015-09-07,95
2015-09-08,92
2015-09-09,68
2015-09-10,65
2015-09-11,60
2015-09-12,87
2015-09-13,73
2015-09-14,70
2015-09-15,68
2015-09-16,66
2015-09-17,58
2015-09-18,61
2015-09-19,69
2015-09-20,77
2015-09-21,81
2015-09-22,72
2015-09-23,63
2015-09-24,61
2015-09-25,67
2015-09-26,86
2015-09-27,76
2015-09-28,80
2015-09-29,79
2015-09-30,85
2015-10-01,65
2015-10-02,59
2015-10-03,52
2015-10-04,71
2015-10-05,88
2015-10-06,58
2015-10-07,97
2015-10-08,84
2015-10-09,93
2015-10-10,70
2015-10-11,95
2015-10-12,101
2015-10-13,76
2015-10-14,58
2015-10-15,73
2015-10-16,72
2015-10-17,67
2015-10-18,73
2015-10-19,64
2015-10-20,54
2015-10-21,76
2015-10-22,65
2015-10-23,59
2015-10-24,53
2015-10-25,75
2015-10-26,62
2015-10-27,61
2015-10-28,63
2015-10-29,73
2015-10-30,52
2015-10-31,61
2015-11-01,57
2015-11-02,65
2015-11-03,69
2015-11-04,53
2015-11-05,64
2015-11-06,71
2015-11-07,79
2015-11-08,108
2015-11-09,121
2015-11-10,87
2015-11-11,65
2015-11-12,60
2015-11-13,57
2015-11-14,59
2015-11-15,52
2015-11-16,78
2015-11-17,56
2015-11-18,55
2015-11-19,45
2015-11-20,45
2015-11-21,54
2015-11-22,54
2015-11-23,59
2015-11-24,64
2015-11-25,61
2015-11-26,37
2015-11-27,53
2015-11-28,52
2015-11-29,48
2015-11-30,47
2015-12-01,37
2015-12-02,37
2015-12-03,41
2015-12-04,41
2015-12-05,33
2015-12-06,51
2015-12-07,60
2015-12-08,47
2015-12-09,47
2015-12-10,33
2015-12-11,40
2015-12-12,38
2015-12-13,50
2015-12-14,47
2015-12-15,37
2015-12-16,72
2015-12-17,45
2015-12-18,47
2015-12-19,46
2015-12-20,46
2015-12-21,36
2015-12-22,46
2015-12-23,42
2015-12-24,32
2015-12-25,34
2015-12-26,54
2015-12-27,47
2015-12-28,60
2015-12-29,45
2015-12-30,64
2015-12-31,45
2016-01-01,48
2016-01-02,61
2016-01-03,60
2016-01-04,68
2016-01-05,64
2016-01-06,59
2016-01-07,72
2016-01-08,66
2016-01-09,59
2016-01-10,64
2016-01-11,56
2016-01-12,54
2016-01-13,57
2016-01-14,93
2016-01-15,152
2016-01-16,184
2016-01-17,151
2016-01-18,278
2016-01-19,238
2016-01-20,130
2016-01-21,98
2016-01-22,104
2016-01-23,104
2016-01-24,85
2016-01-25,78
2016-01-26,84
2016-01-27,70
2016-01-28,64
2016-01-29,90
2016-01-30,68
2016-01-31,96
2016-02-01,85
2016-02-02,69
2016-02-03,64
2016-02-04,67
2016-02-05,65
2016-02-06,95
2016-02-07,65
2016-02-08,65
2016-02-09,84
2016-02-10,83
2016-02-11,164
2016-02-12,140
2016-02-13,102
2016-02-14,90
2016-02-15,95
2016-02-16,80
2016-02-17,105
2016-02-18,93
2016-02-19,73
2016-02-20,115
2016-02-21,102
2016-02-22,92
2016-02-23,116
2016-02-24,71
2016-02-25,71
2016-02-26,76
2016-02-27,87
2016-02-28,111
2016-02-29,95
2016-03-01,87
2016-03-02,83
2016-03-03,75
2016-03-04,61
2016-03-05,95
2016-03-06,94
2016-03-07,104
2016-03-08,101
2016-03-09,126
2016-03-10,100
2016-03-11,98
2016-03-12,110
2016-03-13,111
2016-03-14,118
2016-03-15,108
2016-03-16,121
2016-03-17,88
2016-03-18,89
2016-03-19,112
2016-03-20,141
2016-03-21,122
2016-03-22,110
2016-03-23,106
2016-03-24,126
2016-03-25,99
2016-03-26,101
2016-03-27,105
2016-03-28,100
2016-03-29,92
2016-03-30,92
2016-03-31,95
2016-04-01,103
2016-04-02,114
2016-04-03,137
2016-04-04,130
2016-04-05,95
2016-04-06,109
2016-04-07,99
2016-04-08,93
2016-04-09,102
2016-04-10,137
2016-04-11,112
2016-04-12,105
2016-04-13,91
2016-04-14,102
2016-04-15,137
2016-04-16,123
2016-04-17,134
2016-04-18,138
2016-04-19,137
2016-04-20,156
2016-04-21,124
2016-04-22,128
2016-04-23,120
2016-04-24,141
2016-04-25,152
2016-04-26,111
2016-04-27,107
2016-04-28,99
2016-04-29,93
2016-04-30,100
2016-05-01,129
2016-05-02,114
2016-05-03,131
2016-05-04,105
2016-05-05,113
2016-05-06,121
2016-05-07,152
2016-05-08,157
2016-05-09,144
2016-05-10,127
2016-05-11,146
2016-05-12,102
2016-05-13,81
2016-05-14,131
2016-05-15,142
2016-05-16,138
2016-05-17,112
2016-05-18,137
2016-05-19,119
2016-05-20,136
2016-05-21,147
2016-05-22,177
2016-05-23,155
2016-05-24,150
2016-05-25,153
2016-05-26,154
2016-05-27,186
2016-05-28,203
2016-05-29,217
2016-05-30,228
2016-05-31,166
2016-06-01,159
2016-06-02,150
2016-06-03,136
2016-06-04,559
2016-06-05,360
2016-06-06,209
2016-06-07,165
2016-06-08,172
2016-06-09,192
2016-06-10,215
2016-06-11,186
2016-06-12,190
2016-06-13,204
2016-06-14,191
2016-06-15,156
2016-06-16,159
2016-06-17,164
2016-06-18,156
2016-06-19,182
2016-06-20,183
2016-06-21,151
2016-06-22,180
2016-06-23,153
2016-06-24,168
2016-06-25,174
2016-06-26,205
2016-06-27,190
2016-06-28,186
2016-06-29,187
2016-06-30,202
2016-07-01,190
2016-07-02,175
2016-07-03,193
2016-07-04,200
2016-07-05,199
2016-07-06,201
2016-07-07,175
2016-07-08,178
2016-07-09,196
2016-07-10,180
2016-07-11,175
2016-07-12,184
2016-07-13,182
2016-07-14,202
2016-07-15,182
2016-07-16,206
2016-07-17,250
2016-07-18,235
2016-07-19,178
2016-07-20,195
2016-07-21,154
2016-07-22,145
2016-07-23,189
2016-07-24,223
2016-07-25,214
2016-07-26,170
2016-07-27,163
2016-07-28,169
2016-07-29,170
2016-07-30,182
2016-07-31,194
2016-08-01,162
2016-08-02,154
2016-08-03,138
2016-08-04,195
2016-08-05,262
2016-08-06,253
2016-08-07,288
2016-08-08,224
2016-08-09,206
2016-08-10,217
2016-08-11,238
2016-08-12,636
2016-08-13,1120
2016-08-14,1215
2016-08-15,844
2016-08-16,565
2016-08-17,454
2016-08-18,394
2016-08-19,397
2016-08-20,464
2016-08-21,464
2016-08-22,414
2016-08-23,353
2016-08-24,308
2016-08-25,278
2016-08-26,291
2016-08-27,283
2016-08-28,326
2016-08-29,262
2016-08-30,241
2016-08-31,222
2016-09-01,260
2016-09-02,259
2016-09-03,293
2016-09-04,319
2016-09-05,316
2016-09-06,207
2016-09-07,208
2016-09-08,241
2016-09-09,247
2016-09-10,279
2016-09-11,330
2016-09-12,242
2016-09-13,208
2016-09-14,202
2016-09-15,240
2016-09-16,239
2016-09-17,278
2016-09-18,313
2016-09-19,217
2016-09-20,224
2016-09-21,238
2016-09-22,205
2016-09-23,241
2016-09-24,308
2016-09-25,303
2016-09-26,207
2016-09-27,200
2016-09-28,206
2016-09-29,192
2016-09-30,231
2016-10-01,245
2016-10-02,259
2016-10-03,166
2016-10-04,176
2016-10-05,191
2016-10-06,179
2016-10-07,177
2016-10-08,228
2016-10-09,213
2016-10-10,209
2016-10-11,150
2016-10-12,159
2016-10-13,158
2016-10-14,167
2016-10-15,197
2016-10-16,235
2016-10-17,166
2016-10-18,178
2016-10-19,163
2016-10-20,164
2016-10-21,196
2016-10-22,202
2016-10-23,217
2016-10-24,198
2016-10-25,153
2016-10-26,170
2016-10-27,121
2016-10-28,180
2016-10-29,208
2016-10-30,223
2016-10-31,146
2016-11-01,151
2016-11-02,293
2016-11-03,178
2016-11-04,190
2016-11-05,242
2016-11-06,249
2016-11-07,213
2016-11-08,136
2016-11-09,99
2016-11-10,139
2016-11-11,184
2016-11-12,197
2016-11-13,180
2016-11-14,151
2016-11-15,137
2016-11-16,115
2016-11-17,169
2016-11-18,158
2016-11-19,172
2016-11-20,227
2016-11-21,159
2016-11-22,135
2016-11-23,158
2016-11-24,176
2016-11-25,220
2016-11-26,175
2016-11-27,175
2016-11-28,116
2016-11-29,104
2016-11-30,107
2016-12-01,95
2016-12-02,77
2016-12-03,123
2016-12-04,123
2016-12-05,92
2016-12-06,92
2016-12-07,73
2016-12-08,89
2016-12-09,67
2016-12-10,82
2016-12-11,95
2016-12-12,104
2016-12-13,90
2016-12-14,97
2016-12-15,68
2016-12-16,91
2016-12-17,83
2016-12-18,100
2016-12-19,110
2016-12-20,94
2016-12-21,89
2016-12-22,76
2016-12-23,93
2016-12-24,100
2016-12-25,111
2016-12-26,133
2016-12-27,150
2016-12-28,131
2016-12-29,133
2016-12-30,138
2016-12-31,129
2017-01-01,183
2017-01-02,221
2017-01-03,134
2017-01-04,116
2017-01-05,128
2017-01-06,111
2017-01-07,155
2017-01-08,173
2017-01-09,204
2017-01-10,143
2017-01-11,134
2017-01-12,98
2017-01-13,130
2017-01-14,183
2017-01-15,219
2017-01-16,246
2017-01-17,127
2017-01-18,187
2017-01-19,171
2017-01-20,148
2017-01-21,194
2017-01-22,205
2017-01-23,166
2017-01-24,183
2017-01-25,162
2017-01-26,177
2017-01-27,406
2017-01-28,338
2017-01-29,250
2017-01-30,162
2017-01-31,156
2017-02-01,144
2017-02-02,138
2017-02-03,126
2017-02-04,207
2017-02-05,213
2017-02-06,151
2017-02-07,129
2017-02-08,147
2017-02-09,132
2017-02-10,137
2017-02-11,189
2017-02-12,212
2017-02-13,158
2017-02-14,139
2017-02-15,133
2017-02-16,164
2017-02-17,185
2017-02-18,217
2017-02-19,256
2017-02-20,229
2017-02-21,157
2017-02-22,170
2017-02-23,147
2017-02-24,172
2017-02-25,185
2017-02-26,214
2017-02-27,145
2017-02-28,145
2017-03-01,152
2017-03-02,146
2017-03-03,148
2017-03-04,212
2017-03-05,261
2017-03-06,167
2017-03-07,159
2017-03-08,936
2017-03-09,558
2017-03-10,307
2017-03-11,379
2017-03-12,355
2017-03-13,258
2017-03-14,239
2017-03-15,194
2017-03-16,228
2017-03-17,226
2017-03-18,287
2017-03-19,343
2017-03-20,242
2017-03-21,252
2017-03-22,252
2017-03-23,229
2017-03-24,231
2017-03-25,301
2017-03-26,349
2017-03-27,249
2017-03-28,252
2017-03-29,262
2017-03-30,268
2017-03-31,215
2017-04-01,281
2017-04-02,347
2017-04-03,258
2017-04-04,227
2017-04-05,223
2017-04-06,212
2017-04-07,223
2017-04-08,344
2017-04-09,361
2017-04-10,255
2017-04-11,267
2017-04-12,262
2017-04-13,259
2017-04-14,288
2017-04-15,366
2017-04-16,370
2017-04-17,294
2017-04-18,245
2017-04-19,265
2017-04-20,252
2017-04-21,222
2017-04-22,306
2017-04-23,401
2017-04-24,277
2017-04-25,245
2017-04-26,210
2017-04-27,234
2017-04-28,261
2017-04-29,272
2017-04-30,335
2017-05-01,227
2017-05-02,256
2017-05-03,216
2017-05-04,225
2017-05-05,202
2017-05-06,246
2017-05-07,314
2017-05-08,239
2017-05-09,218
2017-05-10,219
2017-05-11,228
2017-05-12,288
2017-05-13,449
2017-05-14,456
2017-05-15,370
2017-05-16,322
2017-05-17,269
2017-05-18,215
2017-05-19,261
2017-05-20,344
2017-05-21,381
2017-05-22,321
2017-05-23,306
2017-05-24,295
2017-05-25,316
2017-05-26,360
2017-05-27,408
2017-05-28,471
2017-05-29,437
2017-05-30,336
2017-05-31,314
2017-06-01,301
2017-06-02,296
2017-06-03,421
2017-06-04,481
2017-06-05,359
2017-06-06,326
2017-06-07,335
2017-06-08,335
2017-06-09,339
2017-06-10,437
2017-06-11,441
2017-06-12,404
2017-06-13,345
2017-06-14,345
2017-06-15,333
2017-06-16,373
2017-06-17,437
2017-06-18,418
2017-06-19,332
2017-06-20,356
2017-06-21,316
2017-06-22,326
2017-06-23,349
2017-06-24,389
2017-06-25,401
2017-06-26,344
2017-06-27,361
2017-06-28,407
2017-06-29,340
2017-06-30,410
2017-07-01,475
2017-07-02,561
2017-07-03,516
2017-07-04,443
2017-07-05,445
2017-07-06,362
2017-07-07,383
2017-07-08,578
2017-07-09,543
2017-07-10,356
2017-07-11,369
2017-07-12,310
2017-07-13,336
2017-07-14,389
2017-07-15,429
2017-07-16,484
2017-07-17,392
2017-07-18,375
2017-07-19,349
2017-07-20,338
2017-07-21,369
2017-07-22,422
2017-07-23,458
2017-07-24,361
2017-07-25,338
2017-07-26,330
2017-07-27,321
2017-07-28,360
2017-07-29,394
2017-07-30,487
2017-07-31,395
2017-08-01,375
2017-08-02,305
2017-08-03,323
2017-08-04,386
2017-08-05,420
2017-08-06,478
2017-08-07,365
2017-08-08,360
2017-08-09,315
2017-08-10,346
2017-08-11,321
2017-08-12,415
2017-08-13,421
2017-08-14,295
2017-08-15,293
2017-08-16,278
2017-08-17,258
2017-08-18,301
2017-08-19,379
2017-08-20,376
2017-08-21,248
2017-08-22,269
2017-08-23,285
2017-08-24,248
2017-08-25,320
2017-08-26,359
2017-08-27,424
2017-08-28,296
2017-08-29,265
2017-08-30,254
2017-08-31,298
2017-09-01,339
2017-09-02,406
2017-09-03,462
2017-09-04,452
2017-09-05,317
2017-09-06,242
2017-09-07,245
2017-09-08,332
2017-09-09,335
2017-09-10,370
2017-09-11,267
2017-09-12,265
2017-09-13,249
2017-09-14,251
2017-09-15,282
2017-09-16,341
2017-09-17,388
2017-09-18,293
2017-09-19,267
2017-09-20,245
2017-09-21,222
2017-09-22,249
2017-09-23,320
2017-09-24,340
2017-09-25,244
2017-09-26,249
2017-09-27,233
2017-09-28,243
2017-09-29,245
2017-09-30,372
2017-10-01,346
2017-10-02,228
2017-10-03,224
2017-10-04,186
2017-10-05,234
2017-10-06,253
2017-10-07,335
2017-10-08,589
2017-10-09,305
2017-10-10,243
2017-10-11,195
2017-10-12,218
2017-10-13,238
2017-10-14,310
2017-10-15,366
2017-10-16,235
2017-10-17,226
2017-10-18,229
2017-10-19,210
2017-10-20,254
2017-10-21,299
2017-10-22,291
2017-10-23,208
2017-10-24,196
2017-10-25,219
2017-10-26,177
2017-10-27,164
2017-10-28,261
2017-10-29,274
2017-10-30,174
2017-10-31,142
2017-11-01,157
2017-11-02,174
2017-11-03,209
2017-11-04,259
2017-11-05,263
2017-11-06,150
2017-11-07,156
2017-11-08,163
2017-11-09,155
2017-11-10,174
2017-11-11,239
2017-11-12,248
2017-11-13,167
2017-11-14,147
2017-11-15,164
2017-11-16,148
2017-11-17,147
2017-11-18,243
2017-11-19,244
2017-11-20,179
2017-11-21,180
2017-11-22,326
2017-11-23,267
2017-11-24,303
2017-11-25,293
2017-11-26,280
2017-11-27,176
2017-11-28,153
2017-11-29,139
2017-11-30,133
2017-12-01,162
2017-12-02,219
2017-12-03,230
2017-12-04,136
2017-12-05,115
2017-12-06,133
2017-12-07,118
2017-12-08,343
2017-12-09,263
2017-12-10,242
2017-12-11,185
2017-12-12,213
2017-12-13,208
2017-12-14,148
2017-12-15,142
2017-12-16,178
2017-12-17,201
2017-12-18,141
2017-12-19,124
2017-12-20,156
2017-12-21,125
2017-12-22,148
2017-12-23,161
2017-12-24,125
2017-12-25,182
2017-12-26,210
2017-12-27,240
2017-12-28,229
2017-12-29,226
2017-12-30,229
2017-12-31,200
2018-01-01,221
2018-01-02,197
2018-01-03,190
2018-01-04,159
2018-01-05,173
2018-01-06,241
2018-01-07,483
2018-01-08,201
2018-01-09,166
2018-01-10,143
2018-01-11,151
2018-01-12,199
2018-01-13,237
2018-01-14,272
2018-01-15,206
2018-01-16,167
2018-01-17,154
2018-01-18,169
2018-01-19,140
2018-01-20,238
2018-01-21,220
2018-01-22,167
2018-01-23,144
2018-01-24,148
2018-01-25,144
2018-01-26,189
2018-01-27,243
2018-01-28,258
2018-01-29,156
2018-01-30,162
2018-01-31,172
2018-02-01,174
2018-02-02,182
2018-02-03,224
2018-02-04,228
2018-02-05,179
2018-02-06,159
2018-02-07,154
2018-02-08,165
2018-02-09,193
2018-02-10,243
2018-02-11,241
2018-02-12,185
2018-02-13,158
2018-02-14,145
2018-02-15,142
2018-02-16,197
2018-02-17,279
2018-02-18,265
2018-02-19,214
2018-02-20,198
2018-02-21,170
2018-02-22,158
2018-02-23,183
2018-02-24,231
2018-02-25,268
2018-02-26,185
2018-02-27,195
2018-02-28,169
2018-03-01,185
2018-03-02,201
2018-03-03,279
2018-03-04,297
2018-03-05,202
2018-03-06,212
2018-03-07,208
2018-03-08,198
2018-03-09,223
2018-03-10,312
2018-03-11,314
2018-03-12,246
2018-03-13,224
2018-03-14,214
2018-03-15,231
2018-03-16,203
2018-03-17,255
2018-03-18,299
2018-03-19,266
2018-03-20,224
2018-03-21,209
2018-03-22,233
2018-03-23,233
2018-03-24,319
2018-03-25,350
2018-03-26,243
2018-03-27,275
2018-03-28,246
2018-03-29,281
2018-03-30,270
2018-03-31,338
2018-04-01,371
2018-04-02,271
2018-04-03,234
2018-04-04,243
2018-04-05,248
2018-04-06,228
2018-04-07,268
2018-04-08,499
2018-04-09,330
2018-04-10,282
2018-04-11,266
2018-04-12,247
2018-04-13,260
2018-04-14,377
2018-04-15,357
2018-04-16,238
2018-04-17,238
2018-04-18,258
2018-04-19,246
2018-04-20,278
2018-04-21,338
2018-04-22,363
2018-04-23,288
2018-04-24,238
2018-04-25,237
2018-04-26,274
2018-04-27,287
2018-04-28,370
2018-04-29,352
2018-04-30,311
2018-05-01,272
2018-05-02,436
2018-05-03,303
2018-05-04,307
2018-05-05,334
2018-05-06,433
2018-05-07,262
2018-05-08,330
2018-05-09,299
2018-05-10,265
2018-05-11,275
2018-05-12,378
2018-05-13,359
2018-05-14,334
2018-05-15,240
2018-05-16,258
2018-05-17,270
2018-05-18,281
2018-05-19,350
2018-05-20,413
2018-05-21,316
2018-05-22,305
2018-05-23,286
2018-05-24,324
2018-05-25,387
2018-05-26,448
2018-05-27,523
2018-05-28,516
2018-05-29,368
2018-05-30,294
2018-05-31,292
2018-06-01,301
2018-06-02,398
2018-06-03,445
2018-06-04,362
2018-06-05,306
2018-06-06,294
2018-06-07,331
2018-06-08,337
2018-06-09,386
2018-06-10,415
2018-06-11,374
2018-06-12,298
2018-06-13,293
2018-06-14,269
2018-06-15,290
2018-06-16,326
2018-06-17,393
2018-06-18,304
2018-06-19,303
2018-06-20,288
2018-06-21,308
2018-06-22,338
2018-06-23,444
2018-06-24,435
2018-06-25,379
2018-06-26,341
2018-06-27,329
2018-06-28,300
2018-06-29,336
2018-06-30,431
2018-07-01,459
2018-07-02,372
2018-07-03,385
2018-07-04,408
2018-07-05,379
2018-07-06,436
2018-07-07,730
2018-07-08,557
2018-07-09,444
2018-07-10,341
2018-07-11,427
2018-07-12,342
2018-07-13,409
2018-07-14,458
2018-07-15,440
2018-07-16,352
2018-07-17,368
2018-07-18,343
2018-07-19,334
2018-07-20,341
2018-07-21,374
2018-07-22,402
2018-07-23,389
2018-07-24,313
2018-07-25,280
2018-07-26,323
2018-07-27,376
2018-07-28,401
2018-07-29,605
2018-07-30,380
2018-07-31,321
2018-08-01,303
2018-08-02,315
2018-08-03,342
2018-08-04,392
2018-08-05,440
2018-08-06,323
2018-08-07,358
2018-08-08,368
2018-08-09,292
2018-08-10,322
2018-08-11,389
2018-08-12,385
2018-08-13,316
2018-08-14,290
2018-08-15,298
2018-08-16,299
2018-08-17,321
2018-08-18,405
2018-08-19,489
2018-08-20,319
2018-08-21,265
2018-08-22,254
2018-08-23,279
2018-08-24,388
2018-08-25,451
2018-08-26,432
2018-08-27,357
2018-08-28,334
2018-08-29,321
2018-08-30,290
2018-08-31,404
2018-09-01,452
2018-09-02,476
2018-09-03,496
2018-09-04,327
2018-09-05,299
2018-09-06,251
2018-09-07,308
2018-09-08,364
2018-09-09,343
2018-09-10,256
2018-09-11,260
2018-09-12,246
2018-09-13,247
2018-09-14,276
2018-09-15,341
2018-09-16,333
2018-09-17,281
2018-09-18,256
2018-09-19,247
2018-09-20,216
2018-09-21,273
2018-09-22,339
2018-09-23,345
2018-09-24,284
2018-09-25,237
2018-09-26,248
2018-09-27,241
2018-09-28,326
2018-09-29,367
2018-09-30,330
2018-10-01,262
2018-10-02,232
2018-10-03,245
2018-10-04,237
2018-10-05,293
2018-10-06,305
2018-10-07,321
2018-10-08,272
2018-10-09,241
2018-10-10,204
2018-10-11,236
2018-10-12,258
2018-10-13,269
2018-10-14,299
2018-10-15,212
2018-10-16,205
2018-10-17,177
2018-10-18,238
2018-10-19,220
2018-10-20,301
2018-10-21,338
2018-10-22,249
2018-10-23,202
2018-10-24,194
2018-10-25,187
2018-10-26,198
2018-10-27,281
2018-10-28,313
2018-10-29,213
2018-10-30,188
2018-10-31,157
2018-11-01,180
2018-11-02,212
2018-11-03,263
2018-11-04,328
2018-11-05,240
2018-11-06,182
2018-11-07,167
2018-11-08,181
2018-11-09,191
2018-11-10,220
2018-11-11,224
2018-11-12,205
2018-11-13,153
2018-11-14,157
2018-11-15,158
2018-11-16,170
2018-11-17,220
2018-11-18,232
2018-11-19,216
2018-11-20,172
2018-11-21,240
2018-11-22,223
2018-11-23,222
2018-11-24,224
2018-11-25,242
2018-11-26,154
2018-11-27,153
2018-11-28,138
2018-11-29,129
2018-11-30,131
2018-12-01,171
2018-12-02,171
2018-12-03,114
2018-12-04,118
2018-12-05,116
2018-12-06,115
2018-12-07,127
2018-12-08,124
2018-12-09,160
2018-12-10,144
2018-12-11,113
2018-12-12,106
2018-12-13,120
2018-12-14,138
2018-12-15,192
2018-12-16,188
2018-12-17,143
2018-12-18,128
2018-12-19,139
2018-12-20,142
2018-12-21,122
2018-12-22,162
2018-12-23,158
2018-12-24,174
2018-12-25,240
2018-12-26,231
2018-12-27,255
2018-12-28,237
2018-12-29,244
2018-12-30,265
2018-12-31,208
2019-01-01,288
2019-01-02,198
2019-01-03,207
2019-01-04,221
2019-01-05,267
2019-01-06,237
2019-01-07,181
2019-01-08,142
2019-01-09,149
2019-01-10,124
2019-01-11,160
2019-01-12,199
2019-01-13,195
2019-01-14,272
2019-01-15,150
2019-01-16,161
2019-01-17,140
2019-01-18,162
2019-01-19,175
2019-01-20,219
2019-01-21,197
2019-01-22,155
2019-01-23,151
2019-01-24,141
2019-01-25,193
2019-01-26,248
2019-01-27,325
2019-01-28,170
2019-01-29,219
2019-01-30,156
2019-01-31,118
2019-02-01,176
2019-02-02,215
2019-02-03,232
2019-02-04,163
2019-02-05,158
2019-02-06,136
2019-02-07,156
2019-02-08,168
2019-02-09,238
2019-02-10,211
2019-02-11,128
2019-02-12,149
2019-02-13,137
2019-02-14,135
2019-02-15,164
2019-02-16,213
2019-02-17,254
2019-02-18,217
2019-02-19,139
2019-02-20,116
2019-02-21,149
2019-02-22,160
2019-02-23,221
2019-02-24,240
2019-02-25,207
2019-02-26,171
2019-02-27,167
2019-02-28,141
2019-03-01,161
2019-03-02,225
2019-03-03,259
2019-03-04,182
2019-03-05,184
2019-03-06,201
2019-03-07,169
2019-03-08,196
2019-03-09,251
2019-03-10,276
2019-03-11,233
2019-03-12,262
2019-03-13,221
2019-03-14,222
2019-03-15,242
2019-03-16,287
2019-03-17,334
2019-03-18,307
2019-03-19,272
2019-03-20,264
2019-03-21,288
2019-03-22,296
2019-03-23,359
2019-03-24,396
2019-03-25,296
2019-03-26,296
2019-03-27,305
2019-03-28,269
2019-03-29,311
2019-03-30,339
2019-03-31,371
2019-04-01,330
2019-04-02,283
2019-04-03,252
2019-04-04,276
2019-04-05,283
2019-04-06,368
2019-04-07,370
2019-04-08,292
2019-04-09,245
2019-04-10,251
2019-04-11,262
2019-04-12,249
2019-04-13,328
2019-04-14,399
2019-04-15,310
2019-04-16,280
2019-04-17,254
2019-04-18,270
2019-04-19,357
2019-04-20,388
2019-04-21,376
2019-04-22,304
2019-04-23,312
2019-04-24,339
2019-04-25,282
2019-04-26,296
2019-04-27,374
2019-04-28,407
2019-04-29,309
2019-04-30,257
2019-05-01,269
2019-05-02,261
2019-05-03,294
2019-05-04,404
2019-05-05,380
2019-05-06,311
2019-05-07,284
2019-05-08,282
2019-05-09,258
2019-05-10,257
2019-05-11,343
2019-05-12,400
2019-05-13,297
2019-05-14,314
2019-05-15,289
2019-05-16,281
2019-05-17,315
2019-05-18,380
2019-05-19,368
2019-05-20,325
2019-05-21,280
2019-05-22,296
2019-05-23,305
2019-05-24,380
2019-05-25,459
2019-05-26,457
2019-05-27,514
2019-05-28,372
2019-05-29,318
2019-05-30,324
2019-05-31,305
2019-06-01,429
2019-06-02,472
2019-06-03,352
2019-06-04,293
2019-06-05,321
2019-06-06,297
2019-06-07,369
2019-06-08,388
2019-06-09,434
2019-06-10,341
2019-06-11,325
2019-06-12,361
2019-06-13,345
2019-06-14,347
2019-06-15,390
2019-06-16,471
2019-06-17,355
2019-06-18,340
2019-06-19,318
2019-06-20,274
2019-06-21,330
2019-06-22,380
2019-06-23,430
2019-06-24,346
2019-06-25,291
2019-06-26,302
2019-06-27,421
2019-06-28,481
2019-06-29,623
2019-06-30,763
2019-07-01,706
2019-07-02,596
2019-07-03,649
2019-07-04,746
2019-07-05,803
2019-07-06,837
2019-07-07,834
2019-07-08,688
2019-07-09,642
2019-07-10,609
2019-07-11,635
2019-07-12,627
2019-07-13,779
2019-07-14,756
2019-07-15,607
2019-07-16,527
2019-07-17,551
2019-07-18,511
2019-07-19,592
2019-07-20,623
2019-07-21,681
2019-07-22,554
2019-07-23,536
2019-07-24,534
2019-07-25,531
2019-07-26,555
2019-07-27,715
2019-07-28,818
2019-07-29,561
2019-07-30,513
2019-07-31,476
2019-08-01,443
2019-08-02,538
2019-08-03,630
2019-08-04,639
2019-08-05,528
2019-08-06,499
2019-08-07,494
2019-08-08,511
2019-08-09,518
2019-08-10,584
2019-08-11,641
2019-08-12,505
2019-08-13,498
2019-08-14,423
2019-08-15,452
2019-08-16,479
2019-08-17,584
2019-08-18,589
2019-08-19,613
2019-08-20,498
2019-08-21,420
2019-08-22,488
2019-08-23,535
2019-08-24,678
2019-08-25,676
2019-08-26,476
2019-08-27,471
2019-08-28,453
2019-08-29,459
2019-08-30,599
2019-08-31,664
2019-09-01,693
2019-09-02,710
2019-09-03,480
2019-09-04,446
2019-09-05,416
2019-09-06,425
2019-09-07,497
2019-09-08,568
2019-09-09,443
2019-09-10,381
2019-09-11,406
2019-09-12,382
2019-09-13,389
2019-09-14,541
2019-09-15,518
2019-09-16,399
2019-09-17,403
2019-09-18,403
2019-09-19,363
2019-09-20,433
2019-09-21,502
2019-09-22,572
2019-09-23,398
2019-09-24,382
2019-09-25,392
2019-09-26,380
2019-09-27,435
2019-09-28,543
2019-09-29,513
2019-09-30,401
2019-10-01,351
2019-10-02,366
2019-10-03,358
2019-10-04,407
2019-10-05,540
2019-10-06,484
2019-10-07,370
2019-10-08,336
2019-10-09,364
2019-10-10,313
2019-10-11,373
2019-10-12,500
2019-10-13,534
2019-10-14,427
2019-10-15,343
2019-10-16,293
2019-10-17,347
2019-10-18,356
2019-10-19,462
2019-10-20,407
2019-10-21,335
2019-10-22,265
2019-10-23,248
2019-10-24,285
2019-10-25,323
2019-10-26,368
2019-10-27,352
2019-10-28,268
2019-10-29,237
2019-10-30,238
2019-10-31,192
2019-11-01,266
2019-11-02,366
2019-11-03,368
2019-11-04,285
2019-11-05,275
2019-11-06,259
2019-11-07,246
2019-11-08,315
2019-11-09,371
2019-11-10,394
2019-11-11,336
2019-11-12,245
2019-11-13,242
2019-11-14,226
2019-11-15,294
2019-11-16,374
2019-11-17,332
2019-11-18,256
2019-11-19,226
2019-11-20,229
2019-11-21,206
2019-11-22,207
2019-11-23,314
2019-11-24,308
2019-11-25,237
2019-11-26,215
2019-11-27,201
2019-11-28,220
2019-11-29,275
2019-11-30,254
2019-12-01,281
2019-12-02,194
2019-12-03,163
2019-12-04,146
2019-12-05,148
2019-12-06,184
2019-12-07,221
2019-12-08,209
2019-12-09,177
2019-12-10,169
2019-12-11,168
2019-12-12,168
2019-12-13,199
2019-12-14,223
2019-12-15,229
2019-12-16,213
2019-12-17,160
2019-12-18,150
2019-12-19,148
2019-12-20,183
2019-12-21,199
2019-12-22,216
2019-12-23,217
2019-12-24,198
2019-12-25,259
2019-12-26,314
2019-12-27,333
2019-12-28,340
2019-12-29,365
2019-12-30,329
2019-12-31,284
2020-01-01,432
2020-01-02,340
2020-01-03,324
2020-01-04,394
2020-01-05,414
2020-01-06,291
2020-01-07,258
2020-01-08,251
2020-01-09,241
2020-01-10,243
2020-01-11,350
2020-01-12,340
2020-01-13,256
2020-01-14,231
2020-01-15,211
2020-01-16,244
2020-01-17,239
2020-01-18,327
2020-01-19,391
2020-01-20,277
2020-01-21,227
2020-01-22,209
2020-01-23,234
2020-01-24,239
2020-01-25,299
2020-01-26,346
2020-01-27,263
2020-01-28,283
2020-01-29,238
2020-01-30,216
2020-01-31,279
2020-02-01,373
2020-02-02,362
2020-02-03,235
2020-02-04,220
2020-02-05,230
2020-02-06,223
2020-02-07,249
2020-02-08,319
2020-02-09,359
2020-02-10,252
2020-02-11,234
2020-02-12,219
2020-02-13,242
2020-02-14,242
2020-02-15,384
2020-02-16,427
2020-02-17,324
2020-02-18,274
2020-02-19,280
2020-02-20,287
2020-02-21,288
2020-02-22,355
2020-02-23,382
2020-02-24,282
2020-02-25,250
2020-02-26,235
2020-02-27,205
2020-02-28,311
2020-02-29,345
2020-03-01,421
2020-03-02,304
2020-03-03,291
2020-03-04,297
2020-03-05,293
2020-03-06,278
2020-03-07,433
2020-03-08,418
2020-03-09,361
2020-03-10,256
2020-03-11,291
2020-03-12,213
2020-03-13,256
2020-03-14,506
2020-03-15,527
2020-03-16,305
2020-03-17,307
2020-03-18,315
2020-03-19,316
2020-03-20,342
2020-03-21,523
2020-03-22,495
2020-03-23,287
2020-03-24,266
2020-03-25,306
2020-03-26,307
2020-03-27,312
2020-03-28,445
2020-03-29,449
2020-03-30,307
2020-03-31,310
2020-04-01,314
2020-04-02,324
2020-04-03,334
2020-04-04,472
2020-04-05,466
2020-04-06,384
2020-04-07,336
2020-04-08,374
2020-04-09,341
2020-04-10,419
2020-04-11,541
2020-04-12,453
2020-04-13,347
2020-04-14,308
2020-04-15,348
2020-04-16,379
2020-04-17,409
2020-04-18,541
2020-04-19,588
2020-04-20,398
2020-04-21,431
2020-04-22,426
2020-04-23,431
2020-04-24,490
2020-04-25,672
2020-04-26,640
2020-04-27,487
2020-04-28,443
2020-04-29,478
2020-04-30,481
2020-05-01,535
2020-05-02,724
2020-05-03,709
2020-05-04,511
2020-05-05,495
2020-05-06,482
2020-05-07,487
2020-05-08,484
2020-05-09,666
2020-05-10,680
2020-05-11,515
2020-05-12,502
2020-05-13,502
2020-05-14,549
2020-05-15,565
2020-05-16,741
2020-05-17,778
2020-05-18,611
2020-05-19,633
2020-05-20,628
2020-05-21,667
2020-05-22,715
2020-05-23,881
2020-05-24,979
2020-05-25,893
2020-05-26,707
2020-05-27,593
2020-05-28,550
2020-05-29,567
2020-05-30,717
2020-05-31,725
2020-06-01,519
2020-06-02,475
2020-06-03,495
2020-06-04,480
2020-06-05,564
2020-06-06,649
2020-06-07,792
2020-06-08,544
2020-06-09,521
2020-06-10,519
2020-06-11,552
2020-06-12,659
2020-06-13,766
2020-06-14,697
2020-06-15,456
2020-06-16,426
2020-06-17,377
